arabic_name,english_name
الغيل,Al-Ghayl
المجارب,Al-Majarib
الصنمه,Al-Sunmah
الرقعه,Al-Ruq'ah
الزهيرة, Al-Zuhaira
وادي المعقم,Wadi Al-Mu'aqam
جديمه,Jadima
الضيجه,Ad-Dhayjah
الدردعى,Ad-Darda'i
البقرين,Al-Baqrayn
الحرف,Al-Harf
الحصب,Al-Hasab
الماقبه,Al-Maqbah
القحفة,Al-Qahfah
القبه,Al-Qubbah
عراكبه,Arakbah
الشقتين,Ash-Shuqatayn
الصريح,As-Sarih
التعبره,At-Ta'barah
ضاربة الحصب,Daribah Al-Hasab
حصب حميدالمجزع,Hasab Hamid Al-Majza'
احوال كريف,Ahwal Krif
القحفــه,Al-Qahfa
السويهره,Al Suwayhira
جويب,Juwayb
الروينه,Al Ruwayna
العوينه,Al-Awaina
البارز,Al-barez
الذنبه,Al-Dhanba
المعاين,Al-muaeen
الراكبه,Al-rakbah
الرمادي,Al-ramady
دارالقعموس,Dar al-Qa'mus
كبة القوبز,Kubbat al-Qubz
قطيع الحمره,Qateea Alhamrah
الطور,the Tur
السويهره - الجوبر,Al Suwayhira -Al-Jawbar
الادروس,Al-Adrous
الهنقوب,Al-Hanqoub
المعابده,Al-Ma'abdah
المداور,Al-Madawer
المودقه,Al-Mawdaqah
بيت القضيب,Bayt Al-Qadib
شعب الزريعي,Sha'ab Al-Zari'i
شعب حمر,Sha'ab Hamr
شعب سويد,Sha'ab Suwaid
الادروس,Al-Adrus
خباثه,Khabathah
العفيرة,Al-Afira
الدحاح,Ad-Dahah
الابرحه,Al-Abraha
الاكمة,Al-Akma
العارضة,Al-Aridah
الحرضة,Al-Harada
الجويح,Al-Juwayh
المدافن,Al-Madafin
المذاليع,Al-Madhali'
المحطه,Al-Mahatta
المجزع,Al-Majza'
المناقد,Al-Manaqid
المرازم,Al-Marazim
النجارة,An-Najara
الرجاح,Ar-Rajah
الركيب,Ar-Rakib
الروضة,Ar-Rawda
خرشبة,Kharshaba
العفيرة,Al-Afirah
الغبيل,Al-Ghabil
النزيهه,Al-Nazihah
القريعاء,Al-Qari'ah
رحنق,Rahnaq
العقمه,Al-Aqmah
العشه,Al-'Ash'ah
الدرابي,Al-Darabi
الضاحيه,Al-dhahyah
الغله,Al-Ghalah
الحنه,Al-Hanna
الجروبه,Al-Jarubah
الجوني,Al-Jawni
الجريبه,Al-Juraybah
المضبايه,Al-Madhbayah
المغلاء,Al-Maghla
الملحه,Al-Malhah
المقصاب,Al-Maqsab
المزحاجه,Al-Mazhajah
المضيلع,Al-Mudayli'
الملاقي,Al-Mulaqi
المقظظ,Al-Muqadhth
المريريه,Al-Murairiyah
القليعه,Al-Qali'ah
القرية,Al-qariah
القرين,Al-Qarin
القشيق,Al-Qashiq
الصراره,Al-Sarrah
الشمليه,Al-Shamaliyah
الشرج,Al-Sharj
حصب الحويج,Hasab Al-Huwayj
هيجة جبح,Hayjah Jabh
العقه,Al-Aqqa
الاقروض - العدنين,Al-Aqrouth -Al-Adnin
الاقروض - الجباه,Al-Aqrouth -Al-Jabah
الاقروض - المريقيب,Al-Aqrouth -Al-Muraikib
الاقروض - النجـد,Al-Aqrouth -Al-Najd
العراعر,Al-Ara'ir
القحيفـه,Al-Qahifa
نجد العراعر,Najd Al-Ara'ir
صوارحين,Sawarihin
العارضه,Al-Ardah
المناخ,Al-Manakh
حصب الطير,Hasab Al-Tayr
هيجة دويد,Hijah Duwaid
العارضه,Al-'Arida
اكمة البيضاء,Akmat Al-Bayda'
الدار,Al-Dar
الجديدة,Al-Jadida
الخراب,Al-Kharab
المروى,Al-Marwa
الميدام,Al-Midam
المحيصب,Al-Muhaysib
المناوب,Al-Munawwab
المشرفه,Al-Mushrifa
النبيع,Al-Nabi'
القرية السفلى,Al-Qarya Al-Sufla
القضاة,Al-Qudat
ضبيره,Dhabira
هجم العجل,Hajam Al-'Ajal
حصب عباد,Hasab 'Abbad
حصيب ياسين,Hasib Yasin
قرف الهاديه,Qarf Al-Hadiya
شعب الظافر,Sha'b Al-Dhafir
العرينه,Al-Arina
العريش,Al-Arish
العضيباء,Al-Adhiba
البراده,Al-Baradah
الدراغمه,Al-Daraghmah
الذنبه,Al-Dhanbah
الضويحه,Al-Dhuwayhah
الحرزه,Al-Harzah
الكاذيه,Al-Kadhiyah
المفرق,Al-Mafraq
المحاكله,Al-Mahaklah
المهرهره,Al-Mahrarah
المجش,Al-Majash
المخيشيقة,Al-Makhishiqah
المعيطه,Al-Mu'ayta
المنقد,Al-Munqad
الرشيح الاعلى,Al-Rashih Al-A'la
الرشيح الاسفل,Al-Rashih Al-Asfal
الرونه,Al-Rawnah
الروقين,Al-Ruqayn
السبله,Al-Sabla
الصوفه,Al-Sufah
التماره,Al-Tamarah
العشيرة,Al-Ashira
المتاهلين,Al-Mutahilin
عوده,Awda
حرثه,Hartha
الاتيمه,Al-Atima
العرمه,Al-Armah
البرح الاحمر,Al-Barh Al-Ahmar
الدوش,Al-Doush
الهداله,Al-Hadalah
الجاهلي,Al-Jahili
الكنايه,Al-Kinaya
القحاره,Al-Qahara
وادي رين,Wadi Rin
الازيود,Al-Azyoud
العرج,Al-'Arj
العشروقة,Al-'Ashruka
الضباية,Al-Dhabaya
الحدقة,Al-Hadqa
الكدام,Al-Kadam
المعاقم,Al-Ma'aqim
المجرانيه,Al-Majraniya
المهاجمة,Al-Muhajima
الروينة,Al-Ruwayna
السليع,Al-Sali'
الشعيب,Al-Shu'ayb
الشويكة,Al-Shuwayka
الزريقاء,Al-Zariqa'
دار الراعي,Dar Al-Ra'i
محجر راعى,Mahjar Ra'i
البحيح,Al-Bahih
البليلي,Al-Balili
العكش,Al-Akash
الدربوش,Al-Darboush
النقيرة,Al-Nuqayra
الساحرة,Al-Sahira
عزان,Azzan
مكان الحمير,Makan Al-Hamir
قواح,Qawah
الدييمه,Al-Daymah
البطاح,Al-Bataah
هيجةجهلان,Hayjah Jahlan
الظهر,Al-Dhahr
اكمه الحدادين,Akmat Al-Haddadin
الظهرالاعلى,Al-Dhahr Al-A'la
الظهرالاسفل,Al-Dhahr Al-Asfal
المحجوره,Al-Mahjoura
نعمان,Nu'man
الضيجه,Al-Dhayjah
العلبه,Al-'Albah
العوده,Al-'Awdah
المشاجب,Al-Mashajeb
النوبه,Al-Nawbah
النويدره,Al-Nuwaidrah
الراحه,Al-Raha
الزريعي,Al-Zurai'i
هيجة العكش,Hayjah Al-'Akash
شعب الذيب,Sha'ab Al-Dhib
شعبه المعلامه,Sha'bat Al-Ma'alamah
الحد - الضويحه,Al-Dhuwayhah
العريقه,Al-Ariqa
العواس,Al-Awas
العواطف,Al-Awatif
الغيبر,Al-Ghaybar
الحدبه الحمراء,Al-Hadba Al-Hamra
الحنجره,Al-Hanjara
الحقافر,Al-Haqafir
الحوص,Al-Hawas
الجورهه,Al-Jawra
القديمة,Al-Qadima
الطمير,Al-Tamir
بيت رشاح,Bayt Rashah
بيت سلوين,Bayt Salwin
الفحيشيه,Al-Fahishiya
الفحيشيه (بدو رحل ),Al-Fuhayshiyah (Bedouin nomads)
الغريف,Al-Gharif
المجزره,Al-Majzarah
المشيعير,Al-Mushay'ir
حبوة الموينس,Habwah Al-Muwaynis
طره الجويعي,Tarah Al-Juway'i
طرة الجعيره,Tarrah Al-Ja'irah
الغرافي,Al-Gharrafi
العداين,Al-Adain
الاعقاص,Al-Aqas
البوالع,Al-Bawali
الدخل,Al-Dakhil
الفاترة,Al-Fatira
الحبشة,Al-Habasha
الحدبة,Al-Hadba
الحياطة,Al-Hayata
الجدير,Al-Jadir
الخيريان,Al-Khairiyan
القشب,Al-Qashb
الشبيقات,Al-Shabiqat
اليمنة,Al-Yamana
الزقيرية,Al-Zaqiriya
دومة الصبيحي,Dumat Al-Subaihi
جبل عكى,Jabal Aka
جاعمة,Ja'ma
الاكحل,Al-Akhal
العقبه,Al-Aqaba
العقيقين,Al-Aqiqayn
العرجوش,Al-Arjush
العصفوريه,Al-Asfuriya
العزيبه,Al-Aziba
البكره,Al-Bakrah
الضويحه,Al-Dhuwayha
الفقوة,Al-Faqwa
الحفيره,Al-Hafira
الحجفه,Al-Hajfah
الحجره,Al-Hajra
الحثن,Al-Hathn
الحصن,Al-Hisn
الجنه,Al-Janna
الخومله,Al-Khumla
المورخ,Al-Murakh
النوبه الشاكرية,Al-Nuba Al-Shakriya
القشايب,Al-Qashayib
الرادع,Al-Rad'
الرواع,Al-Rawaa
الصفريه,Al-Safriya
الشجنه,Al-Shajna
الشعيب,Al-Shuaib
عراصو,'Arasu
عريدان,Aridan
داجنه,Dajna
دارالسلام,Dar Al-Salam
ذاحيان,Dhahyan
حصب العزيبه,Hasab Al-Aziba
خبخب,Khabkhab
شط الحامي,Shat Al-Hami
شط علي,Shat Ali
الغوبقه,Al-Ghubaqah
الاطوار,Al-Atwar
الحقيبه,Al-Haqibah
الهندى,Al-Hindi
الجنيجره,Al-Junayjirah
المعلم,Al-Mu'allim
المنيقد,Al-Munayqid
القطاطه,Al-Qatatah
الردع,Al-Rad'
حصب النقود,Hasab Al-Nuqud
الحد,Al-Had
العقوره,Al-'Aqurah
الهيجه,Al-Hayjah
الحجير,Al-Hujayr
الهليبه,Al-Hulaybah
المراتمه,Al-Maratimah
القحقاح,Al-Qahqah
الصباريه,Al-Sabariyyah
عقار,'Aqar
الحدابيه,Al-Hadabiyah
الحدبه السفلى,Al-Hadbah Al-Sufla
الحدبه العليا,Al-Hadbah Al-'Ulya
بلد الساده,Balad Al-Sadah
الحجافيه,Al-Hajafiyah
العيصم,Al-Aysam
الدحيم,Al-Duhaym
داردعسين,Darda'sin
جبل البعيصي,Jabal Al-Ba'isi
جبل الدامر,Jabal Al-Damir
جبل الدبيزل,Jabal Al-Dubayzil
جبل الحداد,Jabal Al-Haddad
جبل قراد,Jabal Qarad
الحجاريه,Al-Hajariya
الماجليه,Al-Majliya
المعترض,Al-Mu'tarid
الهاملي,Al-Hamli
العميريه,Al-Amiriyah
الدربنه,Al-Darbana
الحصينه,Al-Husaynah
الجبيل,Al-Jubayl
الكدره,Al-Kadrah
المقرعي,Al-Muqra'i
النوبه,Al-Nubah
السلطنه,Al-Sultanah
السوهره,Al-Suwahrah
الحمراء,Al-Hamra
ذياب,Dhiab
الحنجرة بدو رحل,Al-Hanjarah (Bedouin nomads)
الحقل,Al-Haqal
العشة,Al-Ashah
الواد,Al-Wad
الحريقيه,Al-Hariqiya
قروش,Qurosh
الحرثه,Al-Harthah
المحور,Al-Mahwar
صبر,Sabr
الحصيب,Al-Hasib
النشه,Al-Nashah
الحياجي,Al-Hayaji
البياضيه,Al-Bayadiyah
الظهره,Al-Dhahra
الحبوه,Al-Habwa
الحمرة,Al-Hamra
الجراده,Al-Jaradah
المقضي,Al-Maqdi
المعطاب الاعلى,Al-Ma'tab Al-A'la
القاصب,Al-Qasib
السيال,Al-Sayyal
قشعة السبيل,Qash'at Al-Sabil
الحيمه,Al-Haymah
البريحان,Al-Barihan
الدلعمه,Al-Dal'amah
المجاربة,Al-Majaribah
الحييمة,Al-Haymah
المبياضه,Al-Mubayadah
الشوصره,Al-Shawsirah
الشقيره,Al-Shuqayrah
عقبه,Aqabah
ضورين,Dhurin
حصب الماس,Hasab Al-Mas
هوب مجلي,Hub Majli
الحجج,Al-Hujaj
جرجوح,Jarjuh
الحجيره,Al-Hujayrah
الهيوج,Al-Hayyuj
المهجم الاعلى,Al-Mahjam Al-A'la
المهجم الاسفل,Al-Mahjam Al-Asfal
المحكمه,Al-Mahkama
المصافره,Al-Musafirah
الهليبي,Al-Hulaibi
الجريب,Al-Jarib
البزيه,Al-Baziyah
الشبع,Al-Shaba
جبل النار,Jabal Al-Nar
طوره,Turah
طوربصير,Turbasir
وادي الكبير,Wadi Al-Kabir
الجروبة,Al-Jarouba
الدابوليا,Al-Daboulia
الدويرة,Al-Duwaira
الصويلح,Al-Suwailih
الجبال,Al-Jibal
الصرادح,Al-Saradih
الجبيه,al-Jubayyah
الحجيج,al-Hajjaj
الحنيني,al-Hunayni
الجويح,al-Juwayh
الكدمة,al-Kadmah
الكاحب,al-Kahib
المهيوب,al-Mahyoub
المجزع,al-Majza'
المكيمل,al-Mukaymil
القرف,al-Qarf
القصبه,al-Qasbah
الوسيطان,al-Wasitayn
خدية,Khadiyah
الجمعة,Al-Jum'ah
العنصبة,Al-'Ansaba
البرادقة,Al-Baradiqa
الغاوى,Al-Ghawy
الخنيق,Al-Khaniq
المحل,Al-Mahal
الرمادة,Al-Ramada
الصدة,Al-Sadda
يالول,Yalul
الكدحه,Al-Kadha
العبدلي,Al-Abdali
العريق,Al-Areeq
الحيدريه,Al-Haydariya
الجديد,Al-Jadeed
الجافر,Al-Jafir
الكداح,Al-Kaddah
المعقر,Al-Ma'qar
السفيدة,Al-Safida
الوطن,Al-Watan
بئر عقيل,Bir Aqeel
بئر حنيش,Bir Hanish
حدبه نقيط,Hadbah Naqit
الكديحة,Al-Kadiha
الجديدة,Al-Jadidah
المشقر,Al-Mushaqqar
طنح,Tanh
الكديحة,Al-Kadihah
الباقرية,Al-Baqiriyah
الحسنيه,Al-Hasaniyah
السماسم,Al-Samasim
حسىالحافى,Hassi Al-Hafi
استرح,Istarh
الكدمه,Al-Kadmah
العلقميه,Al-Alqamiyah
الحوجب,Al-Hawjab
المقالد,Al-Maqalid
القوز,Al-Qawz
الصيره,Al-Sirah
الزوين,Al-Zuwain
قرى الحاج,Qura Al-Hajj
شنـص,Shans
وادى علي,Wadi Ali
الكربه,Al-Karbah
الاجن,Al-Ajan
الحمرور,Al-Hamrur
الكربة السفلى,Al-Karbah Al-Sufla
القر,Al-Qar
الر حاب,Al-Rahab
الزيديه,Al-Zaidiyah
الزوه,Al-Zawah
الخباه,Al-Khabah
الخضراء,Al-Khadra
الخيفه,al-Khaifah
دهل الديمه,Dahl al-Dima
الخنهه,Al-Khanah
العقير,Al-Aqir
القلعه,Al-Qal'ah
الرحب,Al-Rahab
الكويحه,Al-Kuwayhah
اكمه الرماد,Akmat Al-Ramad
الاجراف,Al-Ajraf
الداهره,Al-Dahira
الذنيبه,Al-Dhanibah
الذراع,Al-Dhra'
الحضين,Al-Hadhin
الحماريه,Al-Hamariya
الجبانة,Al-Jabana
المبراع,Al-Mabra'
القحيفة,Al-Qahifah
القشيبه,Al-Qashibah
السقايه,Al-Saqaya
بيت الشريف,Bayt Al-Sharif
شعب شقير,Sha'ab Shuqayr
المعامرة,Al-Ma'amara
العتاة,Al-'Ata
الذنبة,Al-Dhanba
الجربه,Al-Jarba
المغر بة,Al-Maghriba
الشط,Al-Shatt
الزبيرة,Al-Zubayra
المعامرة,Al-Ma'amrah
الحفيظة,Al-Hafizah
الحفره,Al-Hafra
الخنيف,Al-Khanif
الساحلي,Al-Sahili
المبذل,Al-Mabdhil
الجعاديه,Al-Ja'adiyah
المسيحه,Al-Masihah
المتون,Al-Mutun
النقاحه,Al-Naqahah
القحفه,Al-Qahfah
المغدر,Al-Maghdar
الاكمـه,Al-Akma
المقيبره,Al-Maqibra
عركبه,Arqaba
بئر مالك,Bir Malik
زبوره,Zabura
الملك,Al-Malik
المناصيب,Al-Manasib
دار الخبت,Dar Al-Khabt
المقلب,Al-Maqlab
الابراح,Al-Abrah
الفنخه,Al-Fankhah
الحويص,Al-Huways
الكدن,Al-Kadan
الخويفه,Al-Khuwayfah
المدروك,Al-Madrouk
الركيبه,Al-Rukaybah
الصناعه,Al-Sina'ah
الوادي,Al-Wadi
برح العميره,Barh Al-'Amirah
شط عقاب,Shat 'Uqab
المعصرة,Al-Ma'sara
عبدالقادر,Abdul Qadir
البيت الاسفل,Al-Bayt Al-Asfal
الذاري,Al-Dhari
المحكمة,Al-Mahkama
المطرح,Al-Matrah
المزانده,Al-Mazanda
البطنه,Al-Batnah
الضاربه,Al-Daribah
الفاحم,Al-Fahim
الحجريه,Al-Hajariya
الحصبري,Al-Hasbari
المحالب,Al-Mahalib
المناصب,Al-Manasib
المرقاب,Al-Mirqab
النجد الاعلى,Al-Najd Al-A'la
النجد الاسفل,Al-Najd Al-Asfal
الناصي,Al-Nasi
الزحط,Al-Zaht
دمنة الشرف,Damnat Al-Sharaf
دار جيهلان,Dar Jihlan
ضراعه,Dhara'ah
هيجة حقر,Hayjah Haqr
جرابه,Jarabah
خوصانه,Khawsana
شعب الوحشين,Sha'b Al-Wahshayn
الميدان,Al-Midan
نجد الميدان,Najd Al-Midan
شعب الحاج,Shaab Al-Hajj
المخاء,Al-Mukha
عبد القادر,'Abd Al-Qadir
ابو أسماعيل,Abu Isma'il
العمودي,Al-'Amudi
العروك,Al-'Arouk
الحالي,Al-Hali
الجعدي,Al-Ja'di
المدينة,Al-Madinah
الميناء,Al-Mina'
المغيني,Al-Mughini
القاهرة,Al-Qahirah
الشاذلي,Al-Shadhili
السويس,Al-Suways
المقيصع,Al-Muqaysi'
البهيشة,Al-Bahisha
البقاصة,Al-Baqasa
الفريخه,Al-Farikha
الغوشه,Al-Ghusha
الحفيظه,Al-Hafizah
الهطيط,Al-Hutayt
العراقي,Al-'Iraqi
المعسار,Al-Ma'sar
المطهف,Al-Mutahhaf
القشوبع,Al-Qashub'
القواسمه,Al-Qawasima
القربة,Al-Qurba
الرجيم,Al-Rajim
الشعب,Al-Sha'b
الشجيبة,Al-Shujayba
السريبه,Al-Suraybah
الطهبله,Al-Tahbalah
الطنيحه,Al-Taniha
بيت العميره,Bayt Al-'Amira
الموسنه,Al-Musinah
الحميده,Al-Hamidah
القطيعه,Al-Qati'ah
الطاهري,Al-Tahir
دار العنبى,Dar Al-'Anabi
دارالكدف,Dar Al-Kadif
دارعلوان,Dar 'Alwan
حسى الاحمر,Hasi Al-Ahmar
حسى الحراز,Hasi Al-Haraz
حصيب الغريماء,Hasib Al-Gharimah
النوازل,Al-Nawazil
العكده,Al-'Akdah
الاملاك,Al-Amlak
العروض,Al-'Arud
الداخله,Al-Dakhilah
الحروره حصــه,Al-Harura Hissa
الهنيميـه,Al-Hunaymiya
الخرائب,Al-Khara'ib
الملعب الاعلى,Al-Mal'ab Al-A'la
المثعوب,Al-Math'ub
المصلاب,Al-Musallab
النقيل,Al-Naqil
القفاعية,Al-Qafa'iya
القحفه,Al-Qahfa
القبه,Al-Qubba
الصلعـي,Al-Sal'i
الشعوب,Al-Shu'ub
الزريبه,Al-Zariba
اوجافــه,Awjafa
ذي خير,Dhi Khayr
جبل حازمي,Jabal Hazmi
كفائه,Kafa'a
نجدالجرف,Najd Al-Jarf
نجد قسيم,Najd Qasim
النوبه,Al-Nawba
الحجاجيه,Al-Hajjajiyah
المعيعه,Al-Mu'ayyah
المقطرن,Al-Muqatran
الطريره,Al-Tarirah
القحيزه,Al-Qahizah
الاعصره,Al-A'sarah
القحيزه,al-Qahizah
البيضاء,al-Bayda'
الجبه,Al-Jabhah
الكبه,al-Kabbah
المضاحي,Al-Madhahi
الشعب,Al-Sha'ab
حاضيه العليا,Hadhiya al-Ulya
حوجله,Hawjalah
نمر,Nimr
القاعده,Al-Qa'idah
المحرقه,Al-Muharraqah
النوبة,Al-Nawbah
القطف,Al-Qatif
القمبرية,Al-Qambariyah
البرحه,Al-Barhah
القشعه,al-Qash'a
شعبة النجد,Sha'bat al-Najd
القشعه,Al-Qash'ah
القشعه,al-Qash'ah
الاسبال,Al-Asbal
الكبب,Al-Kabab
الخرابه,Al-Kharaba
المحجر,Al-Mahjar
المقروضي,Al-Maqrudhi
المعطابه العليا,Al-Ma'tabah Al-Ulya
الموبره,Al-Mawbarah
المقره,Al-Muqrah
القريه,Al-Qaryah
الرشحه,Al-Rashah
دعلج,Da'laj
قحفة الحراز,Qahfat Al-Haraz
شعب البير,Sha'b Al-Bir
شعب الرصد,Sha'b Al-Rasd
زبيد,Zubayd
القطين,Al-Qateen
القطين,AL-Qateen
الاشراف,Al-Ashraf
المحيلبة,Al-Mahilba
القبع,Al-Qaba
القحاف,Al-Qahaf
الصرم,Al-Sarim
قراضـه,Qaradha
سحـر,Sahar
ذا العبار,Tha Al-Abar
القطنه,Al-Qatna
البياضيه,Al-Bayadiya
البيحاني,Al-Bayhani
الحرزه,Al-Harza
النوبه,Al-Nuba
القرف الاعلى,Al-Qarf Al-A'la
القرف الاسفل,Al-Qarf Al-Asfal
الشرف,Al-Sharaf
التوبره,Al-Tawbara
هيجة ياسين,Hijat Yasin
رجحة المسجد,Rajhat Al-Masjid
رجحه الطور,Rajhat Al-Tour
الرباعنه,Al-Raba'nah
الغابره,Al-Ghabirah
الغارب,Al-Gharib
المضابي,Al-Madhabi
المراون,Al-Marawin
المسوادة,Al-Maswadah
السويداء,Al-Suwaydah
التعبره,Al-Ta'abrah
الردف,Al-Radf
الحمره,Al-Hamrah
الجشيم,Al-Jashim
المهريق,Al-Mahriq
المنيهر,Al-Munayhir
النشيم,Al-Nashim
القطيف,Al-Qatif
الرحية,Al-Rahiyah
الروقنه,Al-Rawqnah
الشاقه,Al-Shaqa
بعشيره,Ba'shirah
حصب الدور,Hasab Al-Dur
شعب الحشور,Sha'ab Al-Hashur
شعب حزام,Sha'b Hizam
شرج الذئب,Sharj Al-Dhib
سدوح,Suduh
وادي الرويعي,Wadi Al-Ruwa'i
الرجحه,Al-Rajha
الهشام,Al-Hasham
الرجحه,Al-Rajhah
الدبيله,Al-Dabilah
الهبيله,Al-Habilah
الهجينه,Al-Hajinah
المحابيل,Al-Mahabil
الرويس,Al-Ruways
دبيلة الربوه,Dabilat Al-Rabwa
دارتميم,Dar Tamim
ثعوبه,Tha'uba
الرجمه,Al-Rajmah
الرباط,Al-Ribat
الركز,al-Rukz
العذير,al-'Adhir
الاعروق,al-'Aruq
المغربه العليا,al-Maghriba al-'Ulya
المزاحر,al-Mazahir
الزرائب,al-Zara'ib
عقمات,'Aqamat
شعب الصناع,Sha'b al-Sina'
شعب سويلم,Sha'b Suwaylim
السفالية,Al-Safaliyah
البقين,Al-Baqin
البوق,Al-Buq
ال حميدان,Al-Humaidan
الجحافي,Al-Jahafi
المحاوي,Al-Mahawi
المراعنه,Al-Mara'inah
الزعاترالسفلى,Al-Za'atir Al-Sufla
بلدالسيد,Balad Al-Sayyid
جهاد,Jihad
مراعنة الوادي,Mara'inah Al-Wadi
الصنمه,Al-Sanmah
العراميه,Al-'Aramiyah
الهجره,Al-Hijrah
الحصه,Al-Hisah
الخبيه,Al-Khabiyah
المسماره,Al-Masmarah
المنتصر,Al-Muntasir
القشيعه,Al-Qash'iyah
القشش,Al-Qashsh
الزنح,Al-Zanh
حارك النوبة,Harik Al-Nawbah
حريزه,Harizah
مكبر,Makbar
شط معوضه,Shat Mu'awwah
وادي هابة,Wadi Habah
الصـويره - العارضة,Al-Sawera- Al-Ardah
الصـويره - المربعه,Al-Sawerah-Al Murbah
الصـويره - البقور,Al-Sawerah-Al-Baqwr
الصـويره - الدارات,Al-Sawerah-Al-Darat
الصـويره - الحافة,Al-Sawerah-Al-Hafah
الصـويره - الهجمة,Al-Sawerah-Al-Hajmah
الصـويره - الحوبان,Al-Sawerah-Al-Hawban
الصـويره - الهوب,Al-Sawerah-Al-Hwb
الصـويره - الجباه,Al-Sawerah-Al-Jabah
الصـويره - الجبانة,Al-Sawerah-Al-Jabanah
الصـويره - الكــدم,Al-Sawerah-Al-Kadm
الصـويره - المعصرة,Al-Sawerah-Al-Ma'asrah
الصـويره - الموكبه,Al-Sawerah-Al-Mawkabah
الصـويره - النوبة,Al-Sawerah-Al-Nwbah
الصـويره - عزان,Al-Sawerah-Azzan
الصـويره - حمـر,Al-Sawerah-Hamr
الصـويره - جهمه,Al-Sawerah-Jahmh
الصـويره - محروضــه,Al-Sawerah-Mahroudah
الصـويره - قحفه العيدروس,Al-Sawerah-Qahfat Al-Aidaroos
الصـويره - شبارقه,Al-Sawerah-Shabarqah
الشباب,Al-Shabab
الشبارة,Al-Shabara
العضيلة,Al-Adhila
العليلة,Al-Alila
العويضه,Al-Awidah
الفريعة,Al-Fari'ah
الحدابه,Al-Hadaba
الحليصة,Al-Halisa
الحميدة,Al-Hamida
الكبه,Al-Kabbah
الصوفة,Al-Sufah
الطريبة,Al-Tariba
الشبارة,Al-Shabarah
الاحيوس,Al-Ahayus
الدوار,Al-Dawar
الضبة,Al-Dhabah
الجبيل,Al-Jubail
الكبيسة,Al-Kabisah
النجيبة,Al-Najibah
القطين,Al-Qatin
القوادر,Al-Qawadir
الساده,Al-Sadah
الصعيدة,Al-Sa'idah
الشريج,Al-Sharij
الطور,Al-Tur
عقيلة,Aqilah
قبقبة,Qabqabah
الشاذلية,Al-Shadhiliya
القفانين,Al-Qafanin
الشاذلية,Al-Shadhiliyah
الازوام,Al-Azwam
البواكر,Al-Bawakir
السليمة,Al-Salima
جوفين,Jawfin
نوبة القصيصى,Nawbat Al-Qasisi
الشقيراء,Al-Shaqira'
الحبوة البيضاء,Al-Habwa Al-Bayda'
الحمراء,Al-Hamra'
الكعوب الاعلى,Al-Ka'ub Al-A'la
الملاحيه,Al-Malahiya
القاشميه,Al-Qashmiya
التريس,Al-Taris
حصب اسود,Hasab Aswad
شعب المقعد,Sha'b Al-Maq'ad
اكمة عثيمان,Akmat Uthayman
البريح,Al-Barih
الجريـن,Al-Jarin
المشراح,Al-Mashrah
مسلقه,Maslaqah
موقع,Mawqa'
رصافة,Rasafah
الشقيراء,Al-Shuqayra
العقيده السفلى,Al-'Aqidah Al-Sufla
العقيده العليا,Al-'Aqidah Al-'Ulya
البطحه,Al-Bat'hah
الحبيه,Al-Habiyyah
الحبوه السوداء,Al-Habwah Al-Sawda'
اللصيبه,Al-Lasibah
الرهيطه السفلى,Al-Rahitah Al-Sufla
الرهيطه العليا,Al-Rahitah Al-'Ulya
الروحه,Al-Rawha
الشعوبه,Al-Shu'ubah
حصيب المشاهره,Hasib Al-Mashahirah
الكعوب الاسفل,Lower Ka'ub
محوطو,Mahut
مصران,Misran
شعب قيس,Sha'b Qays
وادي الاربح,Wadi Al-Arbah
السيمال,Al-Simal
المسيلة,Al-Masila
حصيب الجروبة,Hasib Al-Jarouba
السوداد,Al-Sudad
السفالية,Al-Sufaliyah
الزماكرة,Al-Zamakrah
الفاصه,Al-Fasah
الغيزري,Al-Ghayzari
الحلقوم,Al-Halqum
الحنيشية,Al-Hanashiyah
الهنيب,Al-Hunayb
الجاتين,Al-Jatin
النحر,Al-Nahr
النخيله,Al-Nakhilah
النازود,Al-Nazud
السمايه,Al-Samayah
عينان,'Aynan
عزان,'Azan
ذاخشه,Dhakhshah
ذاسرعيد,Dhasar 'Aid
السويدا,Al-Suwaida
السويداء,Al-Suwayda'
المحوى,Al-Mahwa
المطايا,Al-Mataya
النجله,Al-Najlah
الرقع,Al-Ruqa'
السادحي,Al-Sadhi
السكرنة,Al-Sukranah
داجنه,Dajnah
السويهره,Al-Suwayhirah
المحالص,Al-Mahalis
المطيري,Al-Mutairi
الشويرح,Al-Shuwayrih
هيجة ضاوي,Hijah Dhawi
شلان,Shalan
الطبيليه,Al-Tabiliyah
الطليله,Al-Talilah
الحلجوم,Al-Haljum
الصفاء,Al-Safa
الطويله,Al-Tawilah
حصيب طليل,Hasib Talil
الثوباني,Al-Thawbani
الطفيلي,Al-Tufayli
عكشة,'Akashah
قبنه,Qubnah
الطوير,Al-Tuwair
الاقشاب,Al-Aqshab
البراده,Al-Barada
الدهبليه,Al-Dahbaliya
الدماهيه,Al-Damahiyyah
الدرج الاعلى,Al-Daraj Al-A'la
الدرج الاسفل,Al-Daraj Al-Asfal
الذريع,Al-Dhari'
الهدد,Al-Haddad
الحجب,Al-Hajab
الحجرة,Al-Hajrah
الحمام,Al-Hamam
الكدف,Al-Kadf
الخسعه,Al-Khasa'a
المجاهش,Al-Majahish
المقطر,Al-Maqtar
الموايغ,Al-Mawigh
المحمر,Al-Muhammar
القلعه,Al-Qal'a
الشعبين,Al-Sha'been
الزهيب,Al-Zuhayb
برح العدنه,Barh Al-'Adnah
حليصه,Halisah
حصب الشرابه,Hasab Al-Sharabah
هيجه حصب زراع,Hejah Hasab Zira'a
جرنزه,Jarnazah
قريع,Qari'
قرية المحنش,Qaryat Al-Mahanish
رشيد,Rashid
شعب البيرك,Sha'ab Al-Birk
العقده,Al-Uqda
الصفي,Al-Safi
الوحيز,Al-Wahiz
العيينه,Al-'Ayna
الكيمه,Al-Kima
المحمري,Al-Muhammari
المقاطره,Al-Muqatira
المره السفلى,Al-Murra Al-Sufla
المره العليا,Al-Murra Al-'Ulya
القطان,Al-Qattan
الرابصيه,Al-Rabsiya
الرقيصه,Al-Raqisa
الطوير,Al-Tuwayr
شط الغراب,Shat Al-Ghurab
الزغبري,Al-Zaghbari
الهديلة,Al-Hadila
الجرائب,Al-Jara'ib
المحرقى,Al-Mahraqi
المطارشة,Al-Matarsha
المزاينة,Al-Mazayna
السيف,Al-Saif
الشرخ,Al-Sharikh
بعيلل,Ba'ilal
دار المخولى,Dar Al-Makhouli
دار عوض زيد,Dar Awad Zaid
دار صالح,Dar Saleh
غبيراء,Ghubayra
الزريبه,Al-Zaribah
الدرينه,Al-Duraynah
الزريره,Al-Zarirah
الزهيرة,Al-Zuhaira
الخضيرة,Al-Khadira
كمب ان سالدو,Camp An Saldo
كمب فشو,Camp Fasho
المدينه السكنية,Residential City
المحطه البخارية,Steam Station
الزهارى,Al-Zuhari
الحصحوص,Al-Hasahus
الرمة,Al-Rummah
النشيفه,An-Nashifa
الضبيره,Ad-Dhabira
الهشمه,Al-Hashma
الجوف,Al-Jawf
الملطه,Al-Malta
المعطاب الاسفل,Al-Ma'tab Al-Asfal
هيجة النقيل,Hayjat An-Naqil
العرجوش,Ar-'Arjush
الرواع,Ar-Rawa'
الكحيلة,Al-Kahilah
العروش,Al-'Urush
الرواع الاسفل,Ar-Rawa' Asfal
عسق,Asaq
الاكمه,Al-Akmah
المنزله,Al-Manzilah
المشاعب,Al-Masha'ib
المسلوم,Al-Masloum
الزبه,Al-Zubah
مهلصه,Mahlasah
شعبة النقيل,Sha'bat Al-Naqil
بحاره,Bahara
المضروبه,Al-Madrouba
المرنوف,Al-Marnouf
الرقاع,Al-Ruqaa
بني الحكم,Bani Al-Hakam
الحريق,Al-Hariq
الكهرباء,Al-Kahraba
الميثاق,Al-Mithaq
المستشفى,Al-Mustashfa
بني علي,Bani 'Ali
بني علي,Bani Ali
الدول,Al-Dawl
الديم,Al-Deem
الهيجة,Al-Hejah
المزجاجه,Al-Muzajajah
القرف,Al-Qarf
الصيفيه,Al-Sayfiyah
ضبيره,Dhabirah
كوكبان,Kawkaban
شط الشامي,Shat Al-Shami
بني عامر,Bani Amer
العبدل,Al-Abdal
الاهواب,al-Ahwab
الاشراف,al-Ashraf
الجبات,al-Jubbat
المزبر,al-Mazbar
القبعه,al-Qubba'a
الركب,al-Rakb
الصنمه,Al-Sanamah
السند,al-Sind
عشاري,Ashari
بيت الحرف,Bayt al-Harf
بيت الحيقي,Bayt Al-Hayqi
بيت الشميري,Bayt al-Shamiri
بيت الصوفي,Bayt al-Sufi
حدابه,Hadaba
جبل الصبري,Jabal al-Sabri
مهلومين,Mahlumin
صفاءالحبيل,Safaa Al-Habil
شعب الاشول,Sha'b al-Ashwal
شعبة الـركز,Sha'bat al-Rukz
بني دريغم,Bani Drigham
اكمه الجيشي,Akmat Al-Jayshi
الاقحف,Al-Aqhaf
الدفنه,Al-Dafna
الدمسي,Al-Damsi
الضاربة,Al-Dhariba
الكدف,Al-Kadif
المعرض,Al-Ma'rad
المشقبه,Al-Mashqaba
المسبعه,Al-Musab'a
القاعده,Al-Qa'ida
الرجمه,Al-Rajma
الرواس,Al-Rawas
السقعود,Al-Saq'ud
بيت البكيري,Bayt Al-Bakiri
جرات,Jarat
مشرفه,Mushrifa
قبه الفقيه,Qubbat Al-Faqih
شعب الجبلي,Sha'b Al-Jabali
بني دريغم,Bani Durayghim
العامره,Al-Amirah
البورحه,Al-Buraha
بني حجاج,Bani Hajjaj
اكمه الحمر,Akmah Al-Hamr
العجل,Al-Ajal
الاكمة,Al-Akmah
الضروبه,Al-Dharubah
الدليفه,Al-Dulayfah
الفناح,Al-Fanah
الفقره,Al-Faqrah
الغرسه,Al-Gharasah
الحناني,Al-Hanani
الجاب,Al-Jab
الجراديه,Al-Jaradiyah
الجريعه,Al-Jari'ah
الجبانه,Al-Jubana
الكام,Al-Kam
المحليه,Al-Mahaliyah
المقداحه,Al-Maqdaha
المعطاب,Al-Ma'tab
المقلد,Al-Muqallad
المقيديحه,Al-Muqaydihah
المرتفعات,Al-Murtafa'at
النجد,Al-Najd
النجيد,Al-Najid
الصفا,Al-Safa
الشفرين,Al-Shafrayn
الشقه,Al-Shaqqah
الوطيف,Al-Watif
عقمه الشقه,Aqmah Al-Shaqqah
حول السوق,Hawl Al-Souq
خذفان,Khadhfan
شعبه هاربه,Sha'bat Harbah
بني جعفر,Bani Jaafar
المقيبره,Al-Muqaybira
بني مليك,Bani Malik
العدف,Al-Adaf
الاجراف,al-Ajraf
العكده,al-Akdah
العـاوه,al-'Awah
الضوضحـي,al-Dawdhahi
الضــدح,al-Dhadhah
المحداده,al-Mahdadah
الطيشه,al-Tayshah
بيت الحرازي,Bayt al-Harazi
بيت هيكو,Bayt Hiku
دار بني الامير,Dar Bani al-Amir
ذي الجنان,Dhi al-Jinan
جنس,Jins
مخرور,Makhrur
نوبة شقفات,Nawbat Shaqfat
شعب عواض,Sha'b 'Awadh
شعب سباء,Sha'b Saba'
بير الدلو,Bir Al-Dalu
الاكمـــه,Al-Akma
الجوارف,Al-Jawarif
بوميه,Bumiya
العدينه,Al-Adina
الضبيره,Al-Dhabira
الضفيريه,Al-Dhafiriya
الجليفيه,Al-Jalifiya
الكربه,Al-Karba
المعمل,Al-Ma'mal
المقصع,Al-Maqsa'
السقيع,Al-Saqee'
الشعيب,Al-Shu'aib
الطواهر,Al-Tawahir
كيزه,Kiza
غريره,Gharira
غيل الحاضنه,Ghayl Al-Hadina
العشه,Al-Asha
الجدون,Al-Jadun
القاهر,Al-Qahir
القرعاء,Al-Qara'a
قرفص,Qarfas
حبوه المدد,Habwah Al-Madad
هداره,Haddara
العموقة,Al-Amuqa
الاصيفية,Al-Asifiya
حاضيه,Hadhiyah
الاقفية,al-Aqfiyah
البارك,al-Barak
البطنة,Al-Batnah
الجواح,Al-Jawah
الخافشية,Al-Khafshiyah
النويبة,al-Nuwaybah
الشعب,al-Sha'b
الشكلة,al-Shaklah
السويطي,al-Suwayti
الزجا جية,al-Zajajiyah
حاضية,Hadhiyah
ماغرة,Magharah
شعب الكليب,Shaab Al-Kulaib
ثواب,Thawab
حمر,Hamr
الكبه,Al-Kabba
المجوير,Al-Majawir
المغني,Al-Mughni
حنه العليا,Hanna Al-Ulya
الاعطف,Al-Ataf
البكريه,Al-Bakriya
الباطن,Al-Batin
البزيقه,Al-Baziqa
الدخيل,Al-Dakhil
الدمدم,Al-Damdam
الفاقع,Al-Faqi'
الحديده,Al-Hadida
الحجاجين,Al-Hajjajin
الحسيه,Al-Hasiya
الخريشيبه,Al-Kharishiba
المزق,Al-Muzq
القصعه,Al-Qas'a
الرقه,Al-Raqqa
الطويران,Al-Tuwairan
ذي عيان,Dhi Ayan
حنه,Hanna
حصب الراحه,Hasab Al-Rahah
خرانه,Kharanah
حنه السفلى,Hannah Al-Sufla
الدرباني,Al-Darbani
الخضيراء,Al-Khadhira
المتين,Al-Mateen
الزويم,Al-Zuwaim
سدان,Sadan
حنه العليا,Hannah Al-Ulya
الحضاره,Al-Hadara
القطع,Al-Qata'
الرويه السفلى,Al-Ruwayya Al-Sufla
الرويه العليا,Al-Ruwayya Al-Ulya
الشلبيه,Al-Shalabiya
حجفار,Hajfar
حصيب المهوق,Hasib Al-Mahouq
لابح,Labah
طرة البرقعه,Tarrah Al-Burqa'ah
حصيب القوبه,Hasib Al-Qubbah
المخشب,Al-Mukhshab
الموجع,Al-Muwajja'
الشعوب,Al-Shueub
حصيب الحائط,Hasib Al-Ha'it
نوبة المخشب,Nawbat Al-Mukhshab
حسي بن علوان,Hassi Bin Alwan
المخاسع,Al-Makhasa
القطنة,Al-Qatna
سيلة الهدينه,Saylat Al-Hadina
سيلة السوداء,Saylat Al-Sawda
حسي سالم,Hassi Salem
الهامد,Al-Hamid
الهتيكة,Al-Hatika
الخظراء,Al-Khadhra'
المبعوث,Al-Mab'outh
القنزيه,Al-Qanziyah
الشبابية,Al-Shababiyah
دار الشجاع,Dar Al-Shuja'
حيس,Hays
الحجاج,Al-Hajjaj
هوب  الوقيع,Hub Al-Waqi'
المقيبرة,Al-Muqaybira
جعاشي,Ja'ashi
البراح,Al-Barah
الظاهرة,Al-Dhahira
الحفيظة,Al-Hafiza
الحجاجيه,Al-Hajjajiya
الجرارى,Al-Jarari
المقاصع,Al-Maqasa'
المزرعة,Al-Mazra'a
القدارى,Al-Qadari
القفده,Al-Qafda
القاردة,Al-Qarda
القرعة,Al-Qur'a
الرقاعية,Al-Ruqa'iya
الشطيط,Al-Shatit
الشطين,Al-Shattin
دهل السمح,Dahl Al-Samh
جبل العمري,Jabal Al-Amri
الحمديه,Al-Hamdiya
الحنيشيه,Al-Hanishiya
شرك,Shirk
جبل الحكيمه,Jabal al-Hakimah
العقيله,al-Aqila
البرح,al-Barh
الفوشه,al-Fawshah
الحنايه,al-Hanaya
الجمينه,al-Jaminah
جبل الحكيمه,Jabal Al-Hakimah
الكباب,Al-Kabab
المعاقد,al-Ma'aqid
الملصوب,Al-Malasub
المصاحر,Al-Masahir
الميرخ,al-Mirkh
القداعمه,Al-Qada'imah
القرن,Al-Qarn
السقايه,al-Saqaya
الشعور,Al-Shu'ur
الطفيلي,al-Tufaili
اليواجد,al-Yawajid
حديجه,Hadijah
تي الوادي,Ti al-Wadi
جبل العمري -بدو رحل,Jabal Al-'Umari (Bedouin nomads)
جحزر,Jahzar
العرجوشى,al-Arjushi
البانة,al-Bana
البيرك,al-Birk
البويركه,al-Buwayrikah
الضاحة,Al-Dahha
الدمينية,Al-Dumayniya
الحدجى,al-Hadji
الجدبة,al-Jadbah
الجرب,al-Jarb
الجرشية,al-Jarshiyyah
الجريز,Al-Jurayz
المحل,al-Mahal
القطنى,al-Qatni
الشطين,al-Shattin
الشوكة,al-Shawkah
الصوفة,al-Sufah
الطور,al-Tur
حصب الهيكل,Hasab al-Haykal
ودن الزبيدى,Wadan al-Zubaidi
جريزه,Jariza
العوجاء,Al-Awjaa
الكامه,Al-Kama
السخينه,Al-Sakhina
سميقنه,Samiqna
شراط,Sharat
جزيرة الزيادي,Jazirat Al-Ziyadi
جزيرة ميون,Jazirat Mayyun
مبتعه,Mabta'ah
الداخله,Al-Dakhla
المعيانه,Al-Mu'ayyanah
الرفصه,Al-Rafsah
هيجة  الضص,Hayjah Al-Dhas
محاطبه,Mahataba
الجزله,Al-Jazla
المليطات,Al-Malitat
محاطبه,Mahatabah
العريديد,Al-'Aridid
الاشوع,Al-Ashwa'
الغول,Al-Ghul
الهقين,Al-Haqin
الهيوح,Al-Haywah
الجريجر,Al-Jurayjir
المليحه,Al-Malihah
القلب,Al-Qalb
الشهريه,Al-Shahriyah
مجريه,Majriya
الصنيف,Al-Sunayf
مقبنه,Maqbanah
العفه,Al-Afa
العفيف,Al-Afif
الضريب,Al-Dharib
الغدير,Al-Ghadir
الرون,Al-Rawan
خرشبه,Kharshaba
موزع,Mawza'
الدائري الجنوبي,Al-Da'iri Al-Janoubi
الدائري الشمالي,Al-Da'iri Al-Shamali
الحرز,Al-Harz
الجامع,Al-Jami'
اللحوج,Al-Lahuj
المداره,Al-Madarah
السيد حسين,Al-Sayyid Husayn
الشيخ,Al-Shaykh
السوق,Al-Souq
اليمينه,Al-Yaminah
عقلان,Aqlan
باسعد,Bas'ad
شجيره,Shujayrah
مبتعه,Mubta'a
الكهاديد,Al-Kahadid
المحابيه,Al-Mahabiya
المنقاعه,Al-Manqa'a
الوقف,Al-Waqf
مقدم راس,Muqaddam Ras
عبيله,Abilah
العكده,Al-Akdah
الدعامه,Al-Da'amah
الهبيبه,Al-Habibah
الحنكه,Al-Hanakah
الحقارين,Al-Haqariin
الحجيفه,Al-Hujayfah
الحطيب,Al-Hutaib
الخيفه,Al-Khaifah
المنجاره,Al-Manjarah
المعيصر,Al-Mu'aysir
المنيدمه,Al-Munaydimah
المقشع,Al-Muqsha'
القشايب,Al-Qashaib
القيانة,Al-Qiyanah
الراس,Al-Ras
بيت الهويش,Bayt Al-Huwaish
وادي بني ابراهيم,Wadi Bani Ibrahim
نجد عقاب,Najd Aqab
نوبة عامر,Nawbat Amer
العجمى,Al-Ajami
الدلع,Al-Dala'
الحدبة,Al-Hadbah
الحليبة,Al-Halibah
الحريشة,Al-Harisha
المراوشة,Al-Marawsha
حصب الكامل,Hasab Al-Kamil
نمره,Nimrah
العذار,al-Adhar
المناخ,al-Manakh
القبقاب,al-Qabqab
الرجمه,al-Rajmah
ذي النيت,Dhi al-Nit
ذي الشهران,Dhi Al-Shahrani
جبل الشعبي,Jabal Al-Sha'bi
كحاح,Kahah
مشعار نمره,Mish'ar Nimrah
نجدالمعينه,Najd Al-Mu'aynah
نجد الشلبى,Najd al-Shalabi
رهاده العليا,Rahadah Al-'Ulya
رزيقه,Raziqah
شعب العديني,Sha'b Al-'Adini
قناهو بن علي,Qanahu Bin Ali
عهوقه,Ahuqa
الحقيبه,Al-Haqiba
الحصين,Al-Husayn
الرونه,Al-Rawna
بوكرة قناهو,Buqra Qanahu
قرحه,Qarhah
رداع - المداتن,Rada Al-Madaten
رداع - القحفة,Rada-Al Qahfah
رداع - الحجينه,Rada-Al-Hajaynah
رداع - المصنع,Rada-Al-Masnna'
رداع - الميدان,Rada-Al-Maydan
رداع - الميهال,Rada-Al-Mayhal
رداع - القرية,Rada-Al-Qaryah
رداع - الشرف,Rada-Al-Sharf
رداع - محروضه,Rada-Mahroudah
رهبه,Rahbah
اكمة الحصة,Akmat Al-Hassa
الدعام,Al-Da'am
الحروره,Al-Harura
الحصـــه,Al-Hassa
الحطبى,Al-Hatabi
الجبل,Al-Jabal
الجدل,Al-Jadal
الكدش,Al-Kadash
الخدمات,Al-Khadamat
المضـبه,Al-Madhbah
المقرعة,Al-Maqra'ah
الصوب,Al-Sawb
جسر رسيان,Rasian Bridge
العقه,Al-Aqah
الدويده,Al-Duwaida
الحقيره,Al-Haqira
الهوايم,Al-Hawaim
القماريه,Al-Qamariya
الودن,Al-Wadan
صفونه,Safuna
المرهوض,Al-Marhoudh
شبيه,Shabih
الهداشيه,Al-Hadashiyah
الحقيب,Al-Haqeeb
الجرزين,Al-Jarzeen
المرقب,Al-Marqab
الروبق,Al-Rawbaq
حصب الذنبه,Hasab Al-Dhanbah
حصب السياري,Hasab Al-Sayyari
حزاز,Hazaz
هيجة الحجر,Heijah Al-Hajar
قشوبه,Qashoubah
شعبو,Sha'bo
اللجيعه العليا,Al-Laji'ah Al-Ulya
الرحيبه,Al-Rahibah
الشنيرج,Al-Shanirj
شعبو,Sha'bu
العهارف,Al-'Aharif
العجند,Al-'Ajand
العماصي,Al-Amasi
الدور,Al-Dur
الفقا,Al-Faqa
الكرابيه,Al-Karabiyah
الكوري,Al-Kuri
اللجيعه السفلى,Al-Laji'ah Al-Sufla
المخرج,Al-Makhraj
المقاهي,Al-Maqahi
المشاهرة,Al-Mashahirah
المشاقيه,Al-Mashaqiyah
النجيب,Al-Najib
السلايم,Al-Salayim
السدير,Al-Sudair
حصب المقطار,Hasab Al-Muqtar
شرح,Sharh
المحامل,Al-Mahamil
العمده,Al-Umda
ذي البرع - الهبيب,Thee Al-Bara-Al-Habeeb
ذي البرع - الكـدف,Thee Al-Bara-Al-Kadf
ذي البرع - الكسـر,Thee Al-Bara-Al-Kasr
ذي البرع - المسيرب,Thee Al-Bara-Al-Musayrib
ذي البرع - القحفــه,Thee Al-Bara-Al-Qahfah
ذي البرع - القريـه,Thee Al-Bara-Al-Qaryah
ذي البرع - الصباء,Thee Al-Bara-Al-Saba
ذي البرع - السنـح,Thee Al-Bara-Al-Sanah
ذي البرع - هوب مبرد,Thee Al-Bara-Hob Mabrad
ذي البرع - مقبر الصروره,Thee Al-Bara-Maqbar Al-Sarurah
ذي البرع - قحفة سميع,Thee Al-Bara-Qahfat Samee'
عكاشة,Ukashah
وادي الاحمر,Wadi Al-Ahmar
اكمة مهاق,Akmat Mahaq
الجبيليه,Al-Jubailiya
المهدار,Al-Mahdar
الميهال,Al-Mihyal
المنحــه,Al-Minha
المربعه,Al-Murabba'a
الرون,Al-Rawn
هجــم,Hajam
مدحي عبدالله,Madhi Abdullah
نجدالبير,Najd Al-Bir
شعب القرع,Sha'b Al-Qara'
شعب دعام,Sha'b Da'am
وادي البير,Wadi Al-Bir
اكمة عبدول,Akmat Abdul
الاطراف,Al-Atraf
الحافه,Al-Hafa
الجب,Al-Jub
المدرج,Al-Madraj
هوب هادي,Hub Hadi
محقنه,Mahqana
ريمه,Rima
شعبة الحادي,Sha'bat Al-Hadi
تتر اعلى,Tatar A'la
تتر اسفل,Tatar Asfal
العارضه,Al-'Ardah
الحبوة الطويل,Al-Habwa Al-Tawil
الصرواح,Al-Sarwah
الشرجين,Al-Sharjayn
بخيته,Bakhitah
وادي الموجع,Wadi Al-Muja'
وادي الشط,Wadi Al-Shatt
العكم,Al-Akam
وادي الشط,Wadi al-Shatt
البيحانى,al-Bayhani
الظهره,al-Dhahra
الكراثه,Al-Karatha
النوبه,al-Nuba
هوب الرباط,Hub al-Rabat
وادي بكير,Wadi Bakir
العنذقي,Al-Andhaqi
الهقيف,Al-Haqif
المحيفر,Al-Muhayfir
الصابريه,Al-Sabriya
حجيج,Hajij
سوق الحر,Suq Al-Hur
وادي مكسب,Wadi Makasab
الجرن,Al-Jurn
المعاصر,Al-Ma'asir
المدهف,Al-Madhaf
المغربه السفلى,Al-Maghribah Al-Sufla
الملعب الاسفل,Al-Mal'ab Al-Asfal
المردع,Al-Marda'
المعطابه السفلى,Al-Ma'tabah Al-Sufla
المهيني,Al-Muhayni
النزيهه,Al-Nuzayhah
حجفت,Hajfat
شعبه الغيل,Sha'bat Al-Ghayl
وادي موثب,Wadi Muthab
الخراف,Al-Kharaf
المدقوع,Al-Madqu'
المرزام,Al-Marzam
المبايض,Al-Mubayidh
الرحاب,Al-Rahab
حجينة,Hajinah
هيجة ناصر,Hayjah Nasir
وادي سعاده,Wadi Sa'adah
الاشعاب,al-Ash'ab
المعسوق,al-Ma'suq
الميهال,al-Mihyal
المشعارالاعلى,al-Mish'ar al-A'la
المشعارالاسفل,al-Mish'ar al-Asfal
المصيرع,al-Musayri'
عين سباء,'Ayn Saba'
قحيفة المشعار,Qahifat al-Mish'ar
قحقه عين سباء,Qahqat 'Ayn Saba'
شعب الفقيــه,Sha'ab al-Faqih
شعب الحجين,Sha'ab al-Hajin
شعب الحزابي,Sha'ab al-Hazabi
شعب القماعر,Sha'ab al-Qama'ir
شعب الاحمر,Sha'b Al-Ahmar
واحجه,Wahja
الباهيه,Al-Bahia
الحريزه,Al-Hariza
حدبة الغريب,Hadbat Al-Gharib
وادي جدار,Wadi Jidar
واحجه,Wahjah
الحدبه,Al-Hadbah
السبيل,As-Sabil
الزوائد,Az-Zawa'id
ام نزيله,Umm Nazilah
يعاقبه,Yaaqaba
العكده,Al-Akda
العيقل,Al-eiqal
الحذله,Al-Hadhla
الجوم,Al-Jawm
اللسانيه,Allisanih
المعينه,Al-Mainah
المجن,Al-majan
الملاحطه,Al-malahituh
المقصوع,Al-Maqsou’
الميسعه,Al-Maysa’a
السبعه,Al-Sab’a
الشجين,Al-Shajin
السحنه,Al-sihnah
الطفيلي,Altufayli
برح السيد,Barh Al-Sayyid
حصب المحرق,Hasb almahriq
ثاعن,Tha’in
يفرس,Yafrus
الدقادق,Al-Daqadiq
الحافة العليا,Al-Hafah Al-Ulya
الحيضان,Al-Haydan
الجميمة,Al-Jamimah
الصناع,Al-Sina'
السوق,Al-Suq
شباعة,Shaba'ah
يختل,Yakhtal
القعطبيه,Al-Qatabiyah
حسى الصوفى,Hassi Al-Sufi
حسى دبع,Hassi Daba
حسى كليب,Hassi Kulayb
