input_skeleton,output_english
AlJryn,Al-Jarin
Al'dhar,al-Adhar
Alzrybh,Al-Zaribah
hyJh yasyn,Hijat Yasin
Alrkz,al-Rukz
ghyl alhadnh,Ghayl Al-Hadina
Alshbarh,Al-Shabara
Alghyl,Al-Ghayl
Alzryqa',Al-Zariqa'
Alkhrba',Al-Kahraba
Al'qmh,Al-Aqmah
Alhwaym,Al-Hawaim
Almhals,Al-Mahalis
Alnwydrh,Al-Nuwaidrah
bny mlyk,Bani Malik
Almwrkh,Al-Murakh
Alshqyra',Al-Shuqayra
AlhJb,Al-Hajab
Alhsb,Al-Hasab
Alwhyz,Al-Wahiz
wady albyr,Wadi Al-Bir
Al'sfwryh,Al-Asfuriya
hsy bn 'lwan,Hassi Bin Alwan
Alsh'b,al-Sha'b
Almzandh,Al-Mazanda
bny mlyk,Bani Malik
Alqsh'h,Al-Qash'ah
Alghyl,Al-Ghayl
Alswyrh  alJbanh,Al-Sawerah-Al-Jabanah
bny 'amr,Bani Amer
Alghwbqh,Al-Ghubaqah
rda'  almyhal,Rada-Al-Mayhal
Alfqwh,Al-Faqwa
Alsnmh,Al-Sunmah
AlTwyr,Al-Tuwair
bny hJaJ,Bani Hajjaj
Almdarh,Al-Madarah
wady alarbh,Wadi Al-Arbah
Almghdr,Al-Maghdar
Alatymh,Al-Atima
Al'lbh,Al-'Albah
dhy albr'  alqhfh,Thee Al-Bara-Al-Qahfah
hsy salm,Hassi Salem
Alqsh'h,Al-Qash'ah
wady s'adh,Wadi Sa'adah
Alghyl,Al-Ghayl
hsy salm,Hassi Salem
AlTlylh,Al-Talilah
Trh alJwy'y,Tarah Al-Juway'i
Alshqyra',Al-Shuqayra
Alkwyhh,Al-Kuwayhah
J'ashy,Ja'ashi
Alqhyzh,Al-Qahizah
AlJbyh,al-Jubayyah
'qylh,Aqilah
Alqrn,Al-Qarn
AlTwyr,Al-Tuwair
Alshqyra',Al-Shuqayra
Als'ydh,Al-Sa'idah
wady mksb,Wadi Makasab
byt alhwysh,Bayt Al-Huwaish
AlJdyr,Al-Jadir
AlTbylyh,Al-Tabiliyah
Jns,Jins
msran,Misran
qhqh 'yn sba',Qahqat 'Ayn Saba'
Alghyl,Al-Ghayl
AlJatyn,Al-Jatin
Aldl',Al-Dala'
mslqh,Maslaqah
bny 'ly,Bani Ali
Almhwa,Al-Mahwa
Almqdahh,Al-Maqdaha
Alswyrh  alhwban,Al-Sawerah-Al-Hawban
hsyb alqwbh,Hasib Al-Qubbah
Almyhal,Al-Mihyal
Alswys,Al-Suways
Almsmarh,Al-Masmarah
Alqa'dh,Al-Qa'idah
Alrwa',Ar-Rawa'
Alhamly,Al-Hamli
Almzandh,Al-Mazanda
Alqhqah,Al-Qahqah
Almshqbh,Al-Mashqaba
Almqys',Al-Muqaysi'
Alhmrwr,Al-Hamrur
sylh alswda',Saylat Al-Sawda
Aldfnh,Al-Dafna
shbyh,Shabih
AlJb,Al-Jub
Aldraghmh,Al-Daraghmah
hsa klyb,Hassi Kulayb
Al'qmh,Al-Aqmah
Alkdhh,Al-Kadha
Alkdhh,Al-Kadha
dhyab,Dhiab
Alnwbh alshakryh,Al-Nuba Al-Shakriya
bny hJaJ,Bani Hajjaj
shrk,Shirk
AlhnJrh bdw rhl,Al-Hanjarah (Bedouin nomads)
Jsr rsyan,Rasian Bridge
Alhydan,Al-Haydan
AlJ'dy,Al-Ja'di
dard'syn,Darda'sin
hmr,Hamr
Alazywd,Al-Azyoud
AlJbyh,al-Jubayyah
Alwhyz,Al-Wahiz
Aldahyh,Al-dhahyah
Alshqyra',Al-Shuqayra
AlTwr,Al-Tur
Alkdhh,Al-Kadha
Albzyqh,Al-Baziqa
Almqys',Al-Muqaysi'
wady alahmr,Wadi Al-Ahmar
mqbnh,Maqbanah
Al'qmh,Al-Aqmah
Almhmry,Al-Muhammari
hsb al'zybh,Hasab Al-Aziba
rshyd,Rashid
Almghdr,Al-Maghdar
hnh al'lya,Hanna Al-Ulya
Al'fyrh,Al-Afira
akmh alhdadyn,Akmat Al-Haddadin
dhy albr'  hwb mbrd,Thee Al-Bara-Hob Mabrad
Alwhyz,Al-Wahiz
wahJh,Wahja
Aldar,Al-Dar
shrJ aldhyb,Sharj Al-Dhib
nmrh,Nimrah
hadyh,Hadhiyah
AlhJafyh,Al-Hajafiyah
Alhmra',Al-Hamra
hnh al'lya,Hannah Al-Ulya
Al'kdh,al-Akdah
khdyh,Khadiyah
Aldarbh,Al-Dhariba
Alrqh,Al-Raqqa
AlTwyr,Al-Tuwair
hnh al'lya,Hanna Al-Ulya
Alqa'dh,Al-Qa'idah
Alghyl,Al-Ghayl
Alkhrabh,Al-Kharaba
AlhyaJy,Al-Hayaji
y'aqbh,Yaaqaba
mqdm ras,Muqaddam Ras
AlqTyn,Al-Qatin
Al'ardh,Al-'Arida
Almghr bh,Al-Maghriba
Al'rysh,Al-Arish
Alshbarh,Al-Shabarah
Alk'wb ala'la,Al-Ka'ub Al-A'la
Aldlyfh,Al-Dulayfah
Alrba'nh,Al-Raba'nah
th'wbh,Tha'uba
Alm'amrh,Al-Ma'amara
Jbl aldamr,Jabal Al-Damir
Aldhhralasfl,Al-Dhahr Al-Asfal
Almbdhl,Al-Mabdhil
msh'ar nmrh,Mish'ar Nimrah
hJynh,Hajinah
Almbdhl,Al-Mabdhil
AlqTyf,Al-Qatif
Alrwdh,Ar-Rawda
Alshbarh,Al-Shabara
sh'bh alhady,Sha'bat Al-Hadi
Almratmh,Al-Maratimah
'qar,'Aqar
Alrkz,al-Rukz
Alswyda',Al-Suwayda'
AlqTyn,AL-Qateen
Alnwazl,Al-Nawazil
AlhyaJy,Al-Hayaji
Alghyl,Al-Ghayl
Alhsb,Al-Hasab
Almydan,Al-Midan
Jsr rsyan,Rasian Bridge
Al'ardh,Al-'Arida
hadyh,Hadhiyah
Alhsb,Al-Hasab
AlTwyr,Al-Tuwair
Alsdh,Al-Sadda
bharh,Bahara
AlhJaJ,Al-Hajjaj
hdarh,Haddara
hsy bn 'lwan,Hassi Bin Alwan
Alshbarh,Al-Shabarah
AlTwyr,Al-Tuwair
Alakmh,Al-Akma
Jbl alhkymh,Jabal al-Hakimah
Alzghbry,Al-Zaghbari
AlaJraf,al-Ajraf
Alghawa,Al-Ghawy
Alfatrh,Al-Fatira
AllhwJ,Al-Lahuj
sh'bw,Sha'bu
akmh alhsh,Akmat Al-Hassa
Alqsh'h,Al-Qash'ah
shns,Shans
Alsh'yb,Al-Shu'ayb
bny hJaJ,Bani Hajjaj
AlJrbh,Al-Jarba
Alsradh,Al-Saradih
Aladrws,Al-Adrous
AlTahry,Al-Tahir
Alghyl,Al-Ghayl
Alshbarh,Al-Shabarah
AlrJhh,Al-Rajhah
wady alm'qm,Wadi Al-Mu'aqam
Alhafh al'lya,Al-Hafah Al-Ulya
Albradh,Al-Barada
Albwq,Al-Buq
Alrhb,Al-Rahab
hbwh almdd,Habwah Al-Madad
AlJmynh,al-Jaminah
bny mlyk,Bani Malik
kbh alqwbz,Kubbat al-Qubz
y'aqbh,Yaaqaba
Alrba'nh,Al-Raba'nah
b'shyrh,Ba'shirah
Almqlb,Al-Maqlab
AldyJh,Ad-Dhayjah
Alqhfh,Al-Qahfah
Alhdalh,Al-Hadalah
Alsnmh,Al-Sunmah
Almqydyhh,Al-Muqaydihah
Al'fyrh,Al-Afira
Aldhhrh,Al-Dhahra
bny hJaJ,Bani Hajjaj
AlhTyb,Al-Hutaib
Alrkz,al-Rukz
Alhymh,Al-Haymah
bny dryghm,Bani Drigham
Alqwadr,Al-Qawadir
bny dryghm,Bani Drigham
wady s'adh,Wadi Sa'adah
Alt'brh,At-Ta'barah
hsb alnqwd,Hasab Al-Nuqud
shbyh,Shabih
Almzbr,al-Mazbar
qrf alhadyh,Qarf Al-Hadiya
Alhrwrh,Al-Harura
Almdhaly',Al-Madhali'
Alhamly,Al-Hamli
'zan,Azzan
AlmTarshh,Al-Matarsha
Albkrh,Al-Bakrah
Almlk,Al-Malik
Almqld,Al-Muqallad
Almqys',Al-Muqaysi'
Almqlb,Al-Maqlab
Jbl al'mry,Jabal Al-Amri
Alqhfh,Al-Qahfah
hnh al'lya,Hanna Al-Ulya
Alrwa',Ar-Rawa'
wady s'adh,Wadi Sa'adah
Alnwbh,Al-Nubah
khwsanh,Khawsana
Alazywd,Al-Azyoud
Aldhnbh,Al-Dhanbah
Albyda',al-Bayda'
Alhthn,Al-Hathn
Alkhafshyh,Al-Khafshiyah
bny 'amr,Bani Amer
Alqb'h,al-Qubba'a
AlTlylh,Al-Talilah
rhadh al'lya,Rahadah Al-'Ulya
sh'bw,Sha'bu
Alghrafy,Al-Gharrafi
Aldrbany,Al-Darbani
nJd alshlba,Najd al-Shalabi
Aldhnbh,Al-Dhanba
AlshTyn,al-Shattin
Alswyhrh,Al Suwayhira
hnh al'lya,Hanna Al-Ulya
Alhryqyh,Al-Hariqiya
bny 'amr,Bani Amer
byr aldlw,Bir Al-Dalu
Aldabwlya,Al-Daboulia
Alnwbh,Al-Nawba
sh'b hzam,Sha'b Hizam
Alswyhrh,Al Suwayhira
y'aqbh,Yaaqaba
wahJh,Wahjah
Al'fyrh,Al-Afira
Alswyrh  qhfh al'ydrws,Al-Sawerah-Qahfat Al-Aidaroos
Alkhrayb,Al-Khara'ib
Alkwyhh,Al-Kuwayhah
Alkhnhh,Al-Khanah
Alkwyhh,Al-Kuwayhah
Alkdmh,Al-Kadmah
AlhJafyh,Al-Hajafiyah
'rydan,Aridan
Jzyrh mywn,Jazirat Mayyun
Almkyml,al-Mukaymil
Alsahrh,Al-Sahira
Almbdhl,Al-Mabdhil
Jwyb,Juwayb
bny mlyk,Bani Malik
Alhmra',Al-Hamra
Alm'srh,Al-Ma'sara
Al'ardh,Al-'Arida
hadyh al'lya,Hadhiya al-Ulya
bas'd,Bas'ad
nwbh 'amr,Nawbat Amer
Al'qh,Al-Aqah
Alrkb,al-Rakb
AlmJzrh,Al-Majzarah
hadyh,Hadhiyah
Alhamly,Al-Hamli
Aldkhyl,Al-Dakhil
Algharb,Al-Gharib
bny mlyk,Bani Malik
AlTfyly,Al-Tufayli
Alhsh,Al-Hisah
Alhlybh,Al-Hulaybah
'qmh alshqh,Aqmah Al-Shaqqah
Alsh'yb,Al-Shu'aib
bny mlyk,Bani Malik
Alwhyz,Al-Wahiz
hyJh hqr,Hayjah Haqr
wady s'adh,Wadi Sa'adah
AlJdyd,Al-Jadeed
Jryzh,Jariza
Alshqyra',Al-Shuqayra
Almzandh,Al-Mazanda
Alsnmh,Al-Sanmah
Alswyda',Al-Suwayda'
Almqas',Al-Maqasa'
Alghrafy,Al-Gharrafi
Alddh,al-Dhadhah
Alhdabyh,Al-Hadabiyah
Alhd,Al-Had
Alrshyh ala'la,Al-Rashih Al-A'la
hsyb yasyn,Hasib Yasin
Al'ardh,Al-'Arida
AlTwyr,Al-Tuwair
AlrJmh,Al-Rajma
Alkdyhh,Al-Kadihah
Aldmynyh,Al-Dumayniya
Aldhra',Al-Dhra'
Alsl'y,Al-Sal'i
AlywaJd,al-Yawajid
AlhlJwm,Al-Haljum
Alsfalyh,Al-Safaliyah
qnahw bn 'ly,Qanahu Bin Ali
Alkhnhh,Al-Khanah
Alghyl,Al-Ghayl
Alhdbh,Al-Hadbah
AlrJhh,Al-Rajhah
Alsfalyh,Al-Safaliyah
Almqys',Al-Muqaysi'
Alfhyshyh,Al-Fahishiya
shT 'ly,Shat Ali
rsafh,Rasafah
Alsnmh,Al-Sunmah
Alshbarh,Al-Shabarah
Alsh'byn,Al-Sha'been
Aldraby,Al-Darabi
Alabrah,Al-Abrah
Alswyhrh,Al Suwayhira
Almqlb,Al-Maqlab
Al'qmh,Al-Aqmah
dhasr'yd,Dhasar 'Aid
bny 'amr,Bani Amer
AlTwr,al-Tur
AlnJyb,Al-Najib
bwmyh,Bumiya
Alhmydh,Al-Hamidah
J'ashy,Ja'ashi
Alakmh,Al-Akma
nwbh 'amr,Nawbat Amer
AlJbyh,al-Jubayyah
shbyh,Shabih
Almnqd,Al-Munqad
AldyJh,Ad-Dhayjah
AlqTyn,AL-Qateen
sh'b alhJyn,Sha'ab al-Hajin
Alkdf,Al-Kadif
Al'rJwsha,al-Arjushi
hzaz,Hazaz
wady alshT,Wadi al-Shatt
nmrh,Nimrah
AlmJz',Al-Majza'
Aldwsh,Al-Doush
Almzr'h,Al-Mazra'a
Alshklh,al-Shaklah
khbathh,Khabathah
hyJhJhlan,Hayjah Jahlan
Aldhnbh,Al-Dhanba
hnh,Hanna
Alfnah,Al-Fanah
Alrkz,al-Rukz
nmr,Nimr
Aldhah,Ad-Dahah
bwmyh,Bumiya
AlshrJ,Al-Sharj
Alfnkhh,Al-Fankhah
wady mksb,Wadi Makasab
AlhJaJyh,Al-Hajjajiyah
Alhsb,Al-Hasab
Alkdhh,Al-Kadha
mqdm ras,Muqaddam Ras
Al'dyba',Al-Adhiba
Alshadhlyh,Al-Shadhiliya
ykhtl,Yakhtal
Almghdr,Al-Maghdar
sh'bw,Sha'bu
bny 'ly,Bani Ali
Alghrafy,Al-Gharrafi
Alrwa',Ar-Rawa'
rhbh,Rahbah
Al'ardh,Al-Aridah
Almzandh,Al-Mazanda
wady s'adh,Wadi Sa'adah
hnh al'lya,Hanna Al-Ulya
AlqTnh,Al-Qatna
mqdm ras,Muqaddam Ras
Alhaly,Al-Hali
'rkbh,Arqaba
Alamlak,Al-Amlak
sh'b alrsd,Sha'b Al-Rasd
'sq,Asaq
Alsnyf,Al-Sunayf
Alzghbry,Al-Zaghbari
Alrdf,Al-Radf
Almrazm,Al-Marazim
Al'fyrh,Al-Afira
Almnydmh,Al-Munaydimah
Almnyhr,Al-Munayhir
Almwdqh,Al-Mawdaqah
AldyJh,Al-Dhayjah
Al'qmh,Al-Aqmah
Alghyl,Al-Ghayl
akmh 'thyman,Akmat Uthayman
AlJbyh,al-Jubayyah
ghyl alhadnh,Ghayl Al-Hadina
Almsh'aralasfl,al-Mish'ar al-Asfal
AlhTba,Al-Hatabi
Alghyl,Al-Ghayl
Alnwazl,Al-Nawazil
sh'b alzry'y,Sha'ab Al-Zari'i
bny hJaJ,Bani Hajjaj
Alhrthh,Al-Harthah
Twrh,Turah
Alsymal,Al-Simal
hmr,Hamr
shbyh,Shabih
'hwqh,Ahuqa
Alm'amrh,Al-Ma'amara
Alnwazl,Al-Nawazil
AlqTyn,AL-Qateen
Alghrafy,Al-Gharrafi
AlTwyr,Al-Tuwair
AlhJfh,Al-Hajfah
Alzghbry,Al-Zaghbari
y'aqbh,Yaaqaba
mqbnh,Maqbanah
AlmlahTh,Al-malahituh
AlJm'h,Al-Jum'ah
hsy salm,Hassi Salem
Alghyl,Al-Ghayl
Altmarh,Al-Tamarah
nmrh,Nimrah
AlTwyr,Al-Tuwair
Alzhyrh,Al-Zuhaira
hnh al'lya,Hanna Al-Ulya
Alzhyb,Al-Zuhayb
AlTwyr,Al-Tuwair
Alqrf,al-Qarf
abw asma'yl,Abu Isma'il
Almlhh,Al-Malhah
Alkrbh alsfla,Al-Karbah Al-Sufla
kyzh,Kiza
Alwhyz,Al-Wahiz
Almzahr,al-Mazahir
AlhTyT,Al-Hutayt
Alqdara,Al-Qadari
Alswyrh  shbarqh,Al-Sawerah-Shabarqah
sh'bw,Sha'bo
Alhnayh,al-Hanaya
AlshrJyn,Al-Sharjayn
Alsfalyh,Al-Safaliyah
Al'rysh,Al-Arish
AlTwyr,Al-Tuwair
nmrh,Nimrah
hryzh,Harizah
wady s'adh,Wadi Sa'adah
AlmThf,Al-Mutahhaf
mhaTbh,Mahatabah
AlJbyl,Al-Jubail
Alrdf,Al-Radf
Almbdhl,Al-Mabdhil
bny dryghm,Bani Drigham
mwz',Mawza'
AldyJh,Ad-Dhayjah
AlJm'h,Al-Jum'ah
dhy albr'  alksr,Thee Al-Bara-Al-Kasr
Al'qmh,Al-Aqmah
Alzghbry,Al-Zaghbari
Alghrsh,Al-Gharasah
Alqsh'h,Al-Qash'ah
Alswfh,al-Sufah
Alrwn,Al-Rawan
Twrbsyr,Turbasir
Almqys',Al-Muqaysi'
AlhJyfh,Al-Hujayfah
Alkwyhh,Al-Kuwayhah
Alshbarh,Al-Shabarah
Alqsh'h,al-Qash'ah
Alghrafy,Al-Gharrafi
wady albyr,Wadi Al-Bir
Aldfyryh,Al-Dhafiriya
byr hnysh,Bir Hanish
Alghyl,Al-Ghayl
labh,Labah
AlwTn,Al-Watan
Almzandh,Al-Mazanda
J'ashy,Ja'ashi
mhwTw,Mahut
Alnshyfh,An-Nashifa
Alswyda',Al-Suwayda'
hdarh,Haddara
bny dryghm,Bani Drigham
hdbh nqyT,Hadbah Naqit
Alrhybh,Al-Rahibah
Al'raqy,Al-'Iraqi
Almnasb,Al-Manasib
mqdm ras,Muqaddam Ras
Alghyl,Al-Ghayl
wady mksb,Wadi Makasab
Al'ra'r,Al-Ara'ir
Al'qwrh,Al-'Aqurah
hnh al'lya,Hanna Al-Ulya
Jhzr,Jahzar
Al'fyrh,Al-Afira
Almkhas',Al-Makhasa
sh'bh alnJd,Sha'bat al-Najd
wady albyr,Wadi Al-Bir
Aldbh,Al-Dhabah
Alrwynh,Al-Ruwayna
Alghryf,Al-Gharif
AlTwyr,Al-Tuwair
Aldkhl,Al-Dakhil
Alkrbh,Al-Karba
Alswyda',Al-Suwayda'
Almghdr,Al-Maghdar
Alswyhrh,Al-Suwayhirah
bny 'amr,Bani Amer
Alhfydhh,Al-Hafizah
bny hJaJ,Bani Hajjaj
Ald'amh,Al-Da'amah
Alfrykhh,Al-Farikha
Alsnmh,Al-Sanmah
Almdrwk,Al-Madrouk
Jsr rsyan,Rasian Bridge
Alm'ayn,Al-muaeen
Alqr,Al-Qar
Alqsh'h,Al-Qash'ah
AlTwyr,Al-Tuwair
rhbh,Rahbah
Alqsh'h,Al-Qash'ah
qrhh,Qarhah
Al'shyrh,Al-Ashira
Almqys',Al-Muqaysi'
sh'bw,Sha'bu
Alqhaf,Al-Qahaf
Aldhry',Al-Dhari'
Al'dayn,Al-Adain
Al'ryq,Al-Areeq
AlJdbh,al-Jadbah
Al'qyr,Al-Aqir
mqdm ras,Muqaddam Ras
Alshqyra',Al-Shaqira'
qry',Qari'
Almshrfh,Al-Mushrifa
Alhyymh,Al-Haymah
AlJryb,Al-Jarib
sh'b swylm,Sha'b Suwaylim
AlhJyrh,Al-Hujayrah
y'aqbh,Yaaqaba
AlJryb,Al-Jarib
hlysh,Halisah
Allsanyh,Allisanih
Alkhraf,Al-Kharaf
Aldmsy,Al-Damsi
Alswyda,Al-Suwaida
wady alm'qm,Wadi Al-Mu'aqam
Aldhym,Al-Duhaym
AlshJyn,Al-Shajin
wady alm'qm,Wadi Al-Mu'aqam
Alkrbh,Al-Karbah
Almzandh,Al-Mazanda
shr,Sahar
AlrJah,Ar-Rajah
AlJrwbh,Al-Jarouba
wady mwthb,Wadi Muthab
Almqdy,Al-Maqdi
Alqhyzh,Al-Qahizah
Albanh,al-Bana
Aldmdm,Al-Damdam
Alqry'a',Al-Qari'ah
Alsrarh,Al-Sarrah
Al'qmh,Al-Aqmah
Alshwsrh,Al-Shawsirah
bny alhkm,Bani Al-Hakam
Al'dynh,Al-Adina
Alqhaf,Al-Qahaf
AlTwyr,Al-Tuwair
Al'rysh,Al-Arish
Alqsh'h,al-Qash'a
wady Jdar,Wadi Jidar
Alsnmh,Al-Sanmah
AlqTnh,Al-Qatna
Alkhbah,Al-Khabah
Alqsh'h,Al-Qash'ah
AlhJafyh,Al-Hajafiyah
qbqbh,Qabqabah
Alkhyfh,al-Khaifah
Alnwazl,Al-Nawazil
Jrnzh,Jarnazah
AlshryJ,Al-Sharij
Jbl alhkymh,Jabal Al-Hakimah
rda'  almydan,Rada-Al-Maydan
AlqTnh,Al-Qatna
Alatymh,Al-Atima
Almrb'h,Al-Murabba'a
Alghwl,Al-Ghul
Aldar,Al-Dar
mwz',Mawza'
Al'ardh,Al-Ardah
Al'shh,Al-Ashah
Jbl al'mry bdw rhl,Jabal Al-'Umari (Bedouin nomads)
Alshbab,Al-Shabab
Alblyly,Al-Balili
Al'qmh,Al-Aqmah
Almsyr',al-Musayri'
Alsh'yb,Al-Shuaib
AlshT,Al-Shatt
Alhsnyh,Al-Hasaniyah
hsy salm,Hassi Salem
Alkdrh,Al-Kadrah
Aldrbwsh,Al-Darboush
AldyJh,Ad-Dhayjah
Almys'h,Al-Maysa’a
Alkhnyf,Al-Khanif
wady alshT,Wadi Al-Shatt
Alrdf,Al-Radf
shbyh,Shabih
hnh al'lya,Hannah Al-Ulya
mbt'h,Mabta'ah
Aldyymh,Al-Daymah
Alkdam,Al-Kadam
Aldyymh,Al-Daymah
sh'b alhshwr,Sha'ab Al-Hashur
bny dryghm,Bani Drigham
AlnJlh,Al-Najlah
AlTwyr,Al-Tuwair
shrh,Sharh
Alsrwah,Al-Sarwah
AlhJyJ,al-Hajjaj
'bdalqadr,Abdul Qadir
Jbl hazmy,Jabal Hazmi
Alghryf,Al-Gharif
AlwTyf,Al-Watif
Alghyl,Al-Ghayl
Alhrzh,Al-Harzah
Alkdhh,Al-Kadha
Al'rysh,Al-Arish
AlwsyTan,al-Wasitayn
Almkhshb,Al-Mukhshab
rda'  mhrwdh,Rada-Mahroudah
bny 'amr,Bani Amer
AlJbanh,Al-Jubana
Alfqrh,Al-Faqrah
Albarz,Al-barez
dar alkhbt,Dar Al-Khabt
Alqardh,Al-Qarda
bny dryghm,Bani Drigham
byr malk,Bir Malik
AlrhyTh al'lya,Al-Rahitah Al-'Ulya
Al'masy,Al-Amasi
Al'rydyd,Al-'Aridid
Alrba'nh,Al-Raba'nah
Albark,al-Barak
AldyJh,Ad-Dhayjah
Al'rJwsh,Ar-'Arjush
rhbh,Rahbah
awJafh,Awjafa
Alswyhrh,Al Suwayhira
Alghyl,Al-Ghayl
Jbl alhkymh,Jabal al-Hakimah
hJyJ,Hajij
AlhJafyh,Al-Hajafiyah
J'ashy,Ja'ashi
AlhJaryh,Al-Hajariya
wady mwthb,Wadi Muthab
Almhywb,al-Mahyoub
hsy salm,Hassi Salem
sh'bw,Sha'bu
wady s'adh,Wadi Sa'adah
Alsh'b,Al-Sha'b
'rakbh,'Arakbah
J'ashy,Ja'ashi
Alhdbh al'lya,Al-Hadbah Al-'Ulya
Alswyda',Al-Suwayda'
Alabrhh,Al-Abraha
qnahw bn 'ly,Qanahu Bin Ali
Jryzh,Jariza
bny alhkm,Bani Al-Hakam
AlJbyh,al-Jubayyah
Alhsyh,Al-Hasiya
AlJm'h,Al-Jum'ah
wady alrwy'y,Wadi Al-Ruwa'i
Alzrybh,Al-Zariba
Almkha',Al-Mukha
hmr,Hamr
hnh al'lya,Hanna Al-Ulya
Jbl alhkymh,Jabal Al-Hakimah
Aldhahrh,Al-Dhahira
AlJryb,Al-Jarib
Jbl aldbyzl,Jabal Al-Dubayzil
Alqshb,Al-Qashb
AldyJh,Al-Dhayjah
Alhbwh,Al-Habwa
Alshbarh,Al-Shabarah
Alkdmh,Al-Kadmah
Alqsh'h,Al-Qash'ah
Alghyl,Al-Ghayl
Alrwynh,Al Ruwayna
Alhql,Al-Haqal
nmrh,Nimrah
Al'shyrh,Al-Ashira
Alhd  aldwyhh,Al-Dhuwayhah
Al'fyrh,Al-Afirah
Alhsham,Al-Hasham
AlqTf,Al-Qatif
Al'rysh,Al-Arish
Almwsnh,Al-Musinah
wady alahmr,Wadi Al-Ahmar
wady alshT,Wadi Al-Shatt
hnh al'lya,Hanna Al-Ulya
Alshaqh,Al-Shaqa
hadyh,Hadhiyah
Alhd,Al-Had
wady mksb,Wadi Makasab
y'aqbh,Yaaqaba
Alshqyra',Al-Shaqira'
AlhJaryh,Al-Hajariya
nwbh shqfat,Nawbat Shaqfat
Alkdsh,Al-Kadash
Alrdf,Al-Radf
AlrJhh,Al-Rajhah
Aladrws,Al-Adrous
J'ashy,Ja'ashi
Al'ardh,Al-'Arida
bwmyh,Bumiya
Al'ramyh,Al-'Aramiyah
Alblyly,Al-Balili
Alkdhh,Al-Kadha
AlshnyrJ,Al-Shanirj
Al'fyrh,Al-Afira
Alhshws,Al-Hasahus
bny dryghm,Bani Drigham
AldyJh,Ad-Dhayjah
byr aldlw,Bir Al-Dalu
Almyrkh,al-Mirkh
AlTyshh,al-Tayshah
Alaqrwd  alnJd,Al-Aqrouth -Al-Najd
Almkha',Al-Mukha
Aldrd'a,Ad-Darda'i
Jbl alhkymh,Jabal Al-Hakimah
nJd qsym,Najd Qasim
Alsh'b,Al-Sha'ab
dra'h,Dhara'ah
Almqlb,Al-Maqlab
y'aqbh,Yaaqaba
Alsnmh,Al-Sanmah
Alnwbh,Al-Nawbah
nwbh 'amr,Nawbat Amer
Alhsn,Al-Hisn
Alshadhlyh,Al-Shadhiliyah
Alshbarh,Al-Shabarah
Alqmbryh,Al-Qambariyah
Almnasyb,Al-Manasib
Alqly'h,Al-Qali'ah
Alsnmh,Al-Sanmah
AlhdJa,al-Hadji
Alkbh,Al-Kabbah
Alm'yanh,Al-Mu'ayyanah
Alhdydh,Al-Hadida
nmrh,Nimrah
bwmyh,Bumiya
Alrba'nh,Al-Raba'nah
Jsr rsyan,Rasian Bridge
Almqr'h,Al-Maqra'ah
AlhJrh,Al-Hajrah
am nzylh,Umm Nazilah
AlJdwn,Al-Jadun
'shary,Ashari
Almqlb,Al-Maqlab
Almsafrh,Al-Musafirah
AlJbyh,al-Jubayyah
Alhwys,Al-Huways
Almdqw',Al-Madqu'
Almdaby,Al-Madhabi
bharh,Bahara
AldyJh,Al-Dhayjah
Alkdmh,al-Kadmah
bny 'ly,Bani Ali
Alhlyby,Al-Hulaibi
Alnwazl,Al-Nawazil
Alshbarh,Al-Shabarah
bny 'ly,Bani Ali
AlqTnh,Al-Qatna
rda'  almdatn,Rada Al-Madaten
Alhlqwm,Al-Halqum
Alswyhrh,Al Suwayhira
bny 'ly,Bani Ali
bny 'amr,Bani Amer
Alkdhh,Al-Kadha
Alshqyra',Al-Shuqayra
nJd al'ra'r,Najd Al-Ara'ir
hadyh,Hadhiyah
mqdm ras,Muqaddam Ras
Almzandh,Al-Mazanda
Alm'asr,Al-Ma'asir
Alrdf,Al-Radf
wady alm'qm,Wadi Al-Mu'aqam
Al'rwsh,Al-'Urush
AlTwyr,Al-Tuwair
Alrwyh alsfla,Al-Ruwayya Al-Sufla
y'aqbh,Yaaqaba
AlqT',Al-Qata'
Alqa'dh,Al-Qa'idah
Alrdf,Al-Radf
AlhJafyh,Al-Hajafiyah
AlJrzyn,Al-Jarzeen
AlTwyran,Al-Tuwairan
Aldwsh,Al-Doush
hwJlh,Hawjalah
Alghyl,Al-Ghayl
Almnqa'h,Al-Manqa'a
mqdm ras,Muqaddam Ras
sh'b albyr,Sha'b Al-Bir
hsy bn 'lwan,Hassi Bin Alwan
Almwsnh,Al-Musinah
Alazywd,Al-Azyoud
AlJbh,Al-Jabhah
Almrnwf,Al-Marnouf
Almstshfa,Al-Mustashfa
Alswyrh  albqwr,Al-Sawerah-Al-Baqwr
Alkwyhh,Al-Kuwayhah
Alkhbyh,Al-Khabiyah
AlJryb,Al-Jarib
Al'zybh,Al-Aziba
Alshqyra',Al-Shuqayra
dhy albr'  almsyrb,Thee Al-Bara-Al-Musayrib
Alswyhrh,Al-Suwayhirah
Alazywd,Al-Azyoud
Alhqyn,Al-Haqin
AlJm'h,Al-Jum'ah
AldyJh,Al-Dhayjah
Alatymh,Al-Atima
Al'fyrh,Al-Afirah
Alzrayb,al-Zara'ib
Alkdyhh,Al-Kadihah
Almrhwd,Al-Marhoudh
Almbyadh,Al-Mubayadah
AlhyaJy,Al-Hayaji
Alnqyl,Al-Naqil
hsyb almshahrh,Hasib Al-Mashahirah
Alzhyrh,Al-Zuhaira
Alsh'yb,Al-Shuaib
Al'lqmyh,Al-Alqamiyah
Alqhyfh,Al-Qahifah
Almhdadh,al-Mahdadah
Alazywd,Al-Azyoud
Aldhhrala'la,Al-Dhahr Al-A'la
qrwsh,Qurosh
Aldwl,Al-Dawl
Alhlysh,Al-Halisa
AlJahly,Al-Jahili
Alwqf,Al-Waqf
Alnwazl,Al-Nawazil
AlrJhh,Al-Rajhah
hwb hady,Hub Hadi
Alashraf,al-Ashraf
wady s'adh,Wadi Sa'adah
Almhylbh,Al-Mahilba
Alghyl,Al-Ghayl
Alhnda,Al-Hindi
Alkdhh,Al-Kadha
Alskrnh,Al-Sukranah
Alrahh,Al-Raha
dhy albr'  alsnh,Thee Al-Bara-Al-Sanah
AlTwyr,Al-Tuwair
Alasbal,Al-Asbal
Alswyhrh,Al Suwayhira
y'aqbh,Yaaqaba
Alsryh,As-Sarih
nmrh,Nimrah
rhbh,Rahbah
Alsnmh,Al-Sunmah
Alsfa',Al-Safa
AlTwyr,Al-Tuwair
mqdm ras,Muqaddam Ras
Alzghbry,Al-Zaghbari
Alshqyrh,Al-Shuqayrah
Alhnyb,Al-Hunayb
rhbh,Rahbah
Albwal',Al-Bawali
Aldhnbh,Al-Dhanba
Alt'brh,Al-Ta'abrah
Alrdf,Al-Radf
bny 'ly,Bani Ali
Alqshayb,Al-Qashayib
AlJbanh,Al-Jabana
nmrh,Nimrah
Aldbylh,Al-Dabilah
Alkwyhh,Al-Kuwayhah
mbt'h,Mabta'ah
hnh al'lya,Hanna Al-Ulya
Alskhynh,Al-Sakhina
Alhqybh,Al-Haqiba
Al'rysh,Al-Arish
Almdawr,Al-Madawer
Aldarbh,Al-Daribah
bny 'amr,Bani Amer
Aldayry alshmaly,Al-Da'iri Al-Shamali
AlaTraf,Al-Atraf
Alghyl,Al-Ghayl
AldyJh,Ad-Dhayjah
Alshqh,Al-Shaqqah
Alghrafy,Al-Gharrafi
Almzandh,Al-Mazanda
AlmhTh,Al-Mahatta
Alqshy'h,Al-Qash'iyah
Alnwbh,Al-Nawbah
kmb an saldw,Camp An Saldo
Alsfalyh,Al-Sufaliyah
Alhsyb,Al-Hasib
Alhymh,Al-Haymah
bny mlyk,Bani Malik
hsb almhrq,Hasb almahriq
wady mwthb,Wadi Muthab
Alkdhh,Al-Kadha
AlTwyr,Al-Tuwair
Alwhyz,Al-Wahiz
wdn alzbyda,Wadan al-Zubaidi
Albqyn,Al-Baqin
Aldwsh,Al-Doush
sylh alhdynh,Saylat Al-Hadina
Al'ardh,Al-'Arida
AlmnJarh,Al-Manjarah
Alwad,Al-Wad
sh'bw,Sha'bu
khrshbh,Kharshaba
Al'qylh,al-Aqila
Almqlb,Al-Maqlab
Alqshyq,Al-Qashiq
Alm'sar,Al-Ma'sar
akmh alrmad,Akmat Al-Ramad
Alm'yTh,Al-Mu'ayta
AlJrybh,Al-Juraybah
Al'fyrh,Al-Afira
Almnakh,al-Manakh
Alswyrh  alm'srh,Al-Sawerah-Al-Ma'asrah
ahwal kryf,Ahwal Krif
mqdm ras,Muqaddam Ras
Alqhfh,Al-Qahfah
Alnasy,Al-Nasi
AldyJh,Al-Dhayjah
Aldhhr,Al-Dhahr
dhy albr'  alsba',Thee Al-Bara-Al-Saba
Aldhnbh,Al-Dhanbah
Alhdbh alhmra',Al-Hadba Al-Hamra
Jhzr,Jahzar
bny 'ly,Bani Ali
Alsh'wb,Al-Shu'ub
Alshlbyh,Al-Shalabiya
Alm'trd,Al-Mu'tarid
daralslam,Dar Al-Salam
Alkdyhh,Al-Kadihah
Alswyrh  alJbah,Al-Sawerah-Al-Jabah
dhl aldymh,Dahl al-Dima
Alnqyrh,Al-Nuqayra
Alshbarh,Al-Shabarah
wady alshT,Wadi al-Shatt
bny 'amr,Bani Amer
khbkhb,Khabkhab
Alkhnyf,Al-Khanif
Alswyhrh,Al Suwayhira
AlTwyr,Al-Tuwair
Alqr'a',Al-Qara'a
Almkha',Al-Mukha
'bd alqadr,'Abd Al-Qadir
AlJm'h,Al-Jum'ah
ghyl alhadnh,Ghayl Al-Hadina
AlhJfh,Al-Hajfah
Alhamly,Al-Hamli
Jbl alhkymh,Jabal al-Hakimah
nJd 'qab,Najd Aqab
Alsnmh,Al-Sanmah
Jsr rsyan,Rasian Bridge
sh'bh alnqyl,Sha'bat Al-Naqil
Aldar,Al-Dar
Alghdyr,Al-Ghadir
AlhyaJy,Al-Hayaji
Alashraf,Al-Ashraf
hnh al'lya,Hannah Al-Ulya
Almzandh,Al-Mazanda
qbnh,Qubnah
Alqmaryh,Al-Qamariya
Alazywd,Al-Azyoud
Al'ardh,Al-'Ardah
Alswyrh  alhJmh,Al-Sawerah-Al-Hajmah
bny dryghm,Bani Drigham
Alqwz,Al-Qawz
Alghryf,Al-Gharif
maghrh,Magharah
Al'fyrh,Al-Afira
hsyb alhayT,Hasib Al-Ha'it
Aladrws,Al-Adrus
Almqrwdy,Al-Maqrudhi
Alazywd,Al-Azyoud
Alsyf,Al-Saif
Alm'Tabh alsfla,Al-Ma'tabah Al-Sufla
Alqashmyh,Al-Qashmiya
Alhrz,Al-Harz
J'ashy,Ja'ashi
Aldmahyh,Al-Damahiyyah
Alghlh,Al-Ghalah
wahJh,Wahjah
Alymnh,Al-Yamana
Alkymh,Al-Kima
mbt'h,Mubta'a
Alnshyfh,An-Nashifa
AlJwny,Al-Jawni
Al'rynh,Al-Arina
AlJahly,Al-Jahili
sh'b alashwl,Sha'b al-Ashwal
Alzhyb,Al-Zuhayb
nwbh 'amr,Nawbat Amer
AlJbyl,Al-Jubayl
sh'bh alm'lamh,Sha'bat Al-Ma'alamah
Alkdyhh,Al-Kadiha
Alhd,Al-Had
Almwsnh,Al-Musinah
Alkbab,Al-Kabab
Aldar,Al-Dar
wady mksb,Wadi Makasab
Alsblh,Al-Sabla
bny 'ly,Bani Ali
Alsnmh,Al-Sunmah
Alswyrh  almrb'h,Al-Sawerah-Al Murbah
bny 'amr,Bani Amer
Almqsh',Al-Muqsha'
Alghlh,Al-Ghalah
Al'Jnd,Al-'Ajand
AlrhyTh alsfla,Al-Rahitah Al-Sufla
Alswyda',Al-Suwayda'
AlJradh,Al-Jaradah
Almzandh,Al-Mazanda
Alsnmh,Al-Sanmah
Alqdymh,Al-Qadima
Alswyhrh,Al Suwayhira
Alblyly,Al-Balili
AlmhJm ala'la,Al-Mahjam Al-A'la
Al'ardh,Al-Ardah
Alhsb,Al-Hasab
Alkdyhh,Al-Kadihah
AldyJh,Al-Dhayjah
Alrwa',Al-Rawaa
Alswyhrh,Al-Suwayhirah
AlJbyh,al-Jubayyah
AlJrayb,Al-Jara'ib
sh'b alfqyh,Sha'ab al-Faqih
AlshJnh,Al-Shajna
Almwsnh,Al-Musinah
AlhJyrh,Al-Hujayrah
rhbh,Rahbah
Alkhrab,Al-Kharab
Alghbyl,Al-Ghabil
mwz',Mawza'
Alsh'yb,Al-Shuaib
Alswyrh  mhrwdh,Al-Sawerah-Mahroudah
Alasyfyh,Al-Asifiya
Alzhara,Al-Zuhari
sh'b alqma'r,Sha'ab al-Qama'ir
bny dryghm,Bani Drigham
bny hJaJ,Bani Hajjaj
hnh al'lya,Hanna Al-Ulya
Almhlyh,Al-Mahaliyah
Alhyymh,Al-Haymah
y'aqbh,Yaaqaba
wady ryn,Wadi Rin
Alm'Tabh al'lya,Al-Ma'tabah Al-Ulya
Alqbqab,al-Qabqab
'rasw,'Arasu
Almnyqd,Al-Munayqid
Almbayd,Al-Mubayidh
Alghrafy,Al-Gharrafi
Jbl alb'ysy,Jabal Al-Ba'isi
Alkdhh,Al-Kadha
Alghwbqh,Al-Ghubaqah
Alhbybh,Al-Habibah
Almqybrh,Al-Maqibra
Albrhh,Al-Barhah
Al'fyrh,Al-Afira
AlmzJaJh,Al-Muzajajah
nwbh alqsysa,Nawbat Al-Qasisi
Alsqayh,Al-Saqaya
Alqs'h,Al-Qas'a
Almbra',Al-Mabra'
Almqys',Al-Muqaysi'
hadyh,Hadhiyah
Alhbwh alTwyl,Al-Habwa Al-Tawil
Jbl qrad,Jabal Qarad
bny dryghm,Bani Drigham
Al'shyrh,Al-Ashira
Alm'amrh,Al-Ma'amara
hnh al'lya,Hannah Al-Ulya
Alqsh'h,Al-Qash'ah
Alkwyhh,Al-Kuwayhah
Al'rysh,Al-Arish
dhy albr'  alqryh,Thee Al-Bara-Al-Qaryah
AlshTyn,Al-Shattin
Alhnany,Al-Hanani
Alfahm,Al-Fahim
Alsh'wbh,Al-Shu'ubah
Alswyda',Al-Suwayda'
Alzhyrh,Al-Zuhaira
Alshbarh,Al-Shabarah
AlTwylh,Al-Tawilah
Alzghbry,Al-Zaghbari
Alshqyra',Al-Shuqayra
dbyrh,Dhabirah
Alshqyra',Al-Shaqira'
Alhyymh,Al-Haymah
byt alswfy,Bayt al-Sufi
Al'amrh,Al-Amirah
'qmat,'Aqamat
AlnJd ala'la,Al-Najd Al-A'la
ykhtl,Yakhtal
Jhzr,Jahzar
AlhwJb,Al-Hawjab
AlJrwbh,Al-Jarouba
mwz',Mawza'
Alkhyfh,Al-Khaifah
Trh alJ'yrh,Tarrah Al-Ja'irah
Almth'wb,Al-Math'ub
Alhryqyh,Al-Hariqiya
mbt'h,Mubta'a
wady mksb,Wadi Makasab
Al'rysh,Al-Arish
Almqrh,Al-Muqrah
Alhbwh alswda',Al-Habwah Al-Sawda'
AlhJJ,Al-Hujaj
Almqahy,Al-Maqahi
Alzrybh,Al-Zaribah
Jbl alnar,Jabal Al-Nar
Alrkybh,Al-Rukaybah
Alhnkh,Al-Hanakah
Alkadhyh,Al-Kadhiyah
Alzghbry,Al-Zaghbari
mwz',Mawza'
Alhyymh,Al-Haymah
shba'h,Shaba'ah
Aldwar,Al-Dawar
Alqmbryh,Al-Qambariyah
Jrat,Jarat
hyJh alnqyl,Hayjat An-Naqil
mbt'h,Mubta'a
Al'qmh,Al-Aqmah
Al'rysh,Al-Arish
Alwhyz,Al-Wahiz
Almqald,Al-Maqalid
Alkwyhh,Al-Kuwayhah
AlTwyr,Al-Tuwair
bny 'amr,Bani Amer
dbyrh,Dhabira
bny hJaJ,Bani Hajjaj
AlmJarb,Al-Majarib
Alshqyra',Al-Shuqayra
hsaalhafa,Hassi Al-Hafi
Jbl alhkymh,Jabal al-Hakimah
bny 'ly,Bani Ali
Aldhnbh,Al-Dhanbah
qra alhaJ,Qura Al-Hajj
qwah,Qawah
Alqsh'h,Al-Qash'ah
Alqrf ala'la,Al-Qarf Al-A'la
Ala'srh,Al-A'sarah
Almyna',Al-Mina'
Alqhfh,Al-Qahfah
Alhd,Al-Had
Alazywd,Al-Azyoud
Alnwazl,Al-Nawazil
Al'was,Al-Awas
AldyJh,Ad-Dhayjah
bny alhkm,Bani Al-Hakam
ykhtl,Yakhtal
Al'rysh,Al-Arish
Almhryq,Al-Mahriq
Alm'amrh,Al-Ma'amrah
AldyJh,Ad-Dhayjah
Al'qmh,Al-Aqmah
Alml'b ala'la,Al-Mal'ab Al-A'la
Almqys',Al-Muqaysi'
bwmyh,Bumiya
Alhrf,Al-Harf
Alahwab,al-Ahwab
Almsh'arala'la,al-Mish'ar al-A'la
hadyh,Hadhiyah
nmrh,Nimrah
Aldhnbh,Al-Dhanba
Alsh'yb,Al-Shuaib
hsa alhraz,Hasi Al-Haraz
Alshqyra',Al-Shuqayra
Alkdyhh,Al-Kadihah
Alfry'h,Al-Fari'ah
Alshadhlyh,Al-Shadhiliyah
AlJryb,Al-Jarib
hsyb alJrwbh,Hasib Al-Jarouba
Alqshwb',Al-Qashub'
Aldhhrh,al-Dhahra
Almkha',Al-Mukha
wady albyr,Wadi Al-Bir
ahwal kryf,Ahwal Krif
Al'qmh,Al-Aqmah
Alnshyfh,An-Nashifa
mhaTbh,Mahataba
Almsahr,Al-Masahir
hsb aldhnbh,Hasab Al-Dhanbah
AlJ'adyh,Al-Ja'adiyah
Alaqshab,Al-Aqshab
Al'ardh,Al-'Arida
Ala'Tf,Al-Ataf
Al'qmh,Al-Aqmah
hJm al'Jl,Hajam Al-'Ajal
mhlwmyn,Mahlumin
byt alhrf,Bayt al-Harf
Alm'Tab ala'la,Al-Ma'tab Al-A'la
AlshryJ,Al-Sharij
AlhJafyh,Al-Hajafiyah
Alhywh,Al-Haywah
bwmyh,Bumiya
Almsha'b,Al-Masha'ib
Almzandh,Al-Mazanda
Alqryn,Al-Qarin
Alkbh,Al-Kabba
shraT,Sharat
bny mlyk,Bani Malik
Alshbarh,Al-Shabara
Albyt alasfl,Al-Bayt Al-Asfal
J'ashy,Ja'ashi
AlqTaTh,Al-Qatatah
Al'qmh,Al-Aqmah
Aldwsh,Al-Doush
Aldbyrh,Al-Dhabira
Alghyl,Al-Ghayl
y'aqbh,Yaaqaba
Alrwnh,Al-Rawnah
Alzghbry,Al-Zaghbari
AlqTnh,Al-Qatna
sh'bw,Sha'bu
mwz',Mawza'
Almdyl',Al-Mudayli'
Albyhany,Al-Bayhani
J'ashy,Ja'ashi
Alsnmh,Al-Sunmah
Alqfa'yh,Al-Qafa'iya
Alshadhlyh,Al-Shadhiliyah
Almqlb,Al-Maqlab
Alhdabyh,Al-Hadabiyah
Alkdf,Al-Kadf
daralkdf,Dar Al-Kadif
Alazywd,Al-Azyoud
AlmJranyh,Al-Majraniya
Alswdad,Al-Sudad
Alakhl,Al-Akhal
Alqyanh,Al-Qiyanah
Alqrf,Al-Qarf
Alrwas,Al-Rawas
Al'ra'r,Al-Ara'ir
bny hJaJ,Bani Hajjaj
Alhymh,Al-Haymah
Jrabh,Jarabah
Al'shyrh,Al-Ashira
wady s'adh,Wadi Sa'adah
Alkdhh,Al-Kadha
Aldwr,Al-Dur
Alghyl,Al-Ghayl
AlshJybh,Al-Shujayba
Al'fyf,Al-Afif
mqbnh,Maqbanah
wady alm'qm,Wadi Al-Mu'aqam
Alfaq',Al-Faqi'
Alhmydh,Al-Hamida
Aladrws,Al-Adrous
Almzandh,Al-Mazanda
Al'rysh,Al-Arish
sh'bw,Sha'bu
mwz',Mawza'
Almdahy,Al-Madhahi
wady mksb,Wadi Makasab
Alrmadh,Al-Ramada
Almqys',Al-Muqaysi'
nJdalbyr,Najd Al-Bir
qsh'h alsbyl,Qash'at Al-Sabil
Alghabrh,Al-Ghabirah
Alkrabyh,Al-Karabiyah
Alghyl,Al-Ghayl
AlhywJ,Al-Hayyuj
AlhJynh,Al-Hajinah
hrthh,Hartha
shrh,Sharh
Alnwbh,Al-Nawbah
Almnzlh,Al-Manzilah
Aldhhrh,Al-Dhahra
qradh,Qaradha
dbylh alrbwh,Dabilat Al-Rabwa
Aldwsh,Al-Doush
Alghyl,Al-Ghayl
sh'b alahmr,Sha'b Al-Ahmar
Aldl'mh,Al-Dal'amah
Al'qmh,Al-Aqmah
Almhmr,Al-Muhammar
AlJm'h,Al-Jum'ah
Aladrws,Al-Adrous
Alrwqnh,Al-Rawqnah
Al'qyqyn,Al-Aqiqayn
Alsradh,Al-Saradih
Alnwazl,Al-Nawazil
Alrdf,Al-Radf
rhbh,Rahbah
Alkhyryan,Al-Khairiyan
Al'mdh,Al-Umda
Al'ardh,Al-'Arida
Alhd,Al-Had
Almqdhdh,Al-Muqadhth
yfrs,Yafrus
Al'fyrh,Al-Afira
Alhmrh,Al-Hamra
ttr asfl,Tatar Asfal
bny mlyk,Bani Malik
Alrdf,Al-Radf
sdan,Sadan
shbyh,Shabih
Alakmh,Al-Akmah
Alqsbh,al-Qasbah
'sq,Asaq
Almghny,Al-Mughni
bny hJaJ,Bani Hajjaj
Alghrafy,Al-Gharrafi
Alhyymh,Al-Haymah
akmh albyda',Akmat Al-Bayda'
AlTwyr,Al-Tuwair
Alzry'y,Al-Zurai'i
Alrdf,Al-Radf
mqdm ras,Muqaddam Ras
Al'qmh,Al-Aqmah
AlTnyhh,Al-Taniha
Almdafn,Al-Madafin
AlbTah,Al-Bataah
Alsh'yb,Al-Shuaib
Almshrah,Al-Mashrah
AlmJwyr,Al-Majawir
hsyb almhwq,Hasib Al-Mahouq
Alhsb,Al-Hasab
Alqrbh,Al-Qurba
Alm'qr,Al-Ma'qar
AlmhaJmh,Al-Muhajima
Alahyws,Al-Ahayus
Alrfsh,Al-Rafsah
wady albyr,Wadi Al-Bir
Alzwym,Al-Zuwaim
Alrmh,Al-Rummah
Alghwbqh,Al-Ghubaqah
Alwady,Al-Wadi
Alhsyn,Al-Husayn
AlJbl,Al-Jabal
Alsna'h,Al-Sina'ah
AlTwr,the Tur
Almslab,Al-Musallab
dar alshJa',Dar Al-Shuja'
AlhyaJy,Al-Hayaji
Alaqrwd  alJbah,Al-Aqrouth -Al-Jabah
Alhqafr,Al-Haqafir
Alsyfyh,Al-Sayfiyah
Alnwazl,Al-Nawazil
Alkhadyd,Al-Kahadid
Alhfrh,Al-Hafra
Alnwbh,Al-Nubah
dwmh alsbyhy,Dumat Al-Subaihi
Alkrathh,Al-Karatha
Alkrbh,Al-Karbah
Alsfydh,Al-Safida
hnh al'lya,Hanna Al-Ulya
Al'qmh,Al-Aqmah
'sq,Asaq
nmrh,Nimrah
nwbh 'amr,Nawbat Amer
Albrh,al-Barh
astrh,Istarh
Alswyhrh,Al-Suwayhirah
Jhzr,Jahzar
hsyb alqwbh,Hasib Al-Qubbah
AlTmyr,Al-Tamir
mbt'h,Mabta'ah
Al'Jma,Al-Ajami
Alsadh,Al-Sadah
Almnasyb,Al-Manasib
hsb aldwr,Hasab Al-Dur
mhaTbh,Mahatabah
Aldhnbh,Al-Dhanbah
Al hmydan,Al-Humaidan
AlJmymh,Al-Jamimah
Alghyl,Al-Ghayl
Alzbh,Al-Zubah
AlJbylyh,Al-Jubailiya
Alqsh'h,Al-Qash'ah
AlqTnh,Al-Qatna
bny dryghm,Bani Drigham
Alshwyrh,Al-Shuwayrih
Alqhfh,Al-Qahfah
Almshaqyh,Al-Mashaqiyah
bny dryghm,Bani Drigham
Alkdhh,Al-Kadha
Alrhyh,Al-Rahiyah
hdbh alghryb,Hadbat Al-Gharib
Al'fyrh,Al-Afira
Aldwyrh,Al-Duwaira
qshwbh,Qashoubah
Alhqybh,Al-Haqibah
Alm'y'h,Al-Mu'ayyah
AlrJym,Al-Rajim
dar almkhwla,Dar Al-Makhouli
sh'b aldhyb,Sha'ab Al-Dhib
AlshTyT,Al-Shatit
ghbyra',Ghubayra
Alqsh'h,Al-Qash'ah
Al'lylh,Al-Alila
AlqTyn,Al-Qateen
Alrshyh alasfl,Al-Rashih Al-Asfal
Almwsnh,Al-Musinah
mqdm ras,Muqaddam Ras
Jhzr,Jahzar
Almzandh,Al-Mazanda
Alsnmh,Al-Sanmah
kfayh,Kafa'a
Alkbh,al-Kabbah
Aldayry alJnwby,Al-Da'iri Al-Janoubi
Alsymal,Al-Simal
hsa alahmr,Hasi Al-Ahmar
Alqfanyn,Al-Qafanin
Alazywd,Al-Azyoud
AlmJarbh,Al-Majaribah
nmrh,Nimrah
Alzhyrh,Al-Zuhaira
Almshahrh,Al-Mashahirah
Al'rysh,Al-Arish
Al'waTf,Al-Awatif
dhy albr'  mqbr alsrwrh,Thee Al-Bara-Maqbar Al-Sarurah
AlqTnh,Al-Qatna
Alzghbry,Al-Zaghbari
Al'fyrh,Al-Afirah
Alkdmh,Al-Kadmah
Almshqr,Al-Mushaqqar
qnahw bn 'ly,Qanahu Bin Ali
AlqTnh,Al-Qatna
Alzwyn,Al-Zuwain
Alshqyra',Al-Shaqira'
Alrkz,al-Rukz
AlTrybh,Al-Tariba
shbyh,Shabih
AlhyJh,Al-Hayjah
AlJzlh,Al-Jazla
hadyh,Hadhiyah
Alrqysh,Al-Raqisa
Alqhfh,Al-Qahfah
AlJry'h,Al-Jari'ah
Alhqaryn,Al-Haqariin
mhaTbh,Mahatabah
Alkhrba',Al-Kahraba
bny hJaJ,Bani Hajjaj
Alghyl,Al-Ghayl
Alshadhlyh,Al-Shadhiliyah
Alsymal,Al-Simal
sfwnh,Safuna
Alhrthh,Al-Harthah
Al'fyrh,Al-Afira
Alhymh,Al-Haymah
Alm'swq,al-Ma'suq
AlmkhrJ,Al-Makhraj
mdhy 'bdallh,Madhi Abdullah
Alhymh,Al-Haymah
mwq',Mawqa'
Jbl alhkymh,Jabal Al-Hakimah
AlbTnh,Al-Batnah
byt alshmyry,Bayt al-Shamiri
Alqshayb,Al-Qashaib
shT m'wdh,Shat Mu'awwah
nmrh,Nimrah
rJhh almsJd,Rajhat Al-Masjid
AlJryb,Al-Jarib
mqbnh,Maqbanah
hys,Hays
AlmJz',al-Majza'
Albryhan,Al-Barihan
Al'qmh,Al-Aqmah
Jdymh,Jadima
hdyJh,Hadijah
Alhsb,Al-Hasab
Alql'h,Al-Qal'ah
AlTwyr,Al-Tuwair
Alrdf,Al-Radf
bwmyh,Bumiya
Alsqy',Al-Saqee'
dhl alsmh,Dahl Al-Samh
Alqsh'h,al-Qash'a
AlJradyh,Al-Jaradiyah
Alshadhlyh,Al-Shadhiliyah
Almtwn,Al-Mutun
Alazwam,Al-Azwam
AlJab,Al-Jab
Alrhab,Al-Rahab
Al'Jl,Al-Ajal
daJnh,Dajna
qhyfh almsh'ar,Qahifat al-Mish'ar
Alhmrh,Al-Hamrah
Almqr'y,Al-Muqra'i
nmrh,Nimrah
Aldwyhh,Al-Dhuwayha
Alhrf,Al-Harf
Almsylh,Al-Masila
Alrwas,Al-Rawas
Alsnmh,Al-Sunmah
Alkhrabh,Al-Kharaba
nJd almydan,Najd Al-Midan
AlJafr,Al-Jafir
AlJbal,Al-Jibal
mwz',Mawza'
Alkhyfh,al-Khaifah
nmrh,Nimrah
AlnJybh,Al-Najibah
Alswyhrh,Al Suwayhira
Jwfyn,Jawfin
Alsh'yb,Al-Shuaib
Aldar,Al-Dar
Alq'Tbyh,Al-Qatabiyah
hnh alsfla,Hannah Al-Sufla
nJdalJrf,Najd Al-Jarf
Almqys',Al-Muqaysi'
Alrq'h,Al-Ruq'ah
AlJnyJrh,Al-Junayjirah
Alswyrh  almwkbh,Al-Sawerah-Al-Mawkabah
nwbh 'amr,Nawbat Amer
'sq,Asaq
Alrad',Al-Rad'
Alghrafy,Al-Gharrafi
Alkdn,Al-Kadan
Alm'aqd,al-Ma'aqid
Alhd,Al-Had
AlnJd,Al-Najd
shT alshamy,Shat Al-Shami
Almhl,Al-Mahal
Alshrf,Al-Sharaf
Jhzr,Jahzar
Albkryh,Al-Bakriya
Alsadhy,Al-Sadhi
mqbnh,Maqbanah
Alsfalyh,Al-Safaliyah
Alqhyzh,al-Qahizah
Alnwazl,Al-Nawazil
wady alahmr,Wadi Al-Ahmar
Alhbshh,Al-Habasha
J'ashy,Ja'ashi
AlmzhaJh,Al-Mazhajah
Alrba'nh,Al-Raba'nah
AlqTy'h,Al-Qati'ah
Alatymh,Al-Atima
Al'fyrh,Al-Afirah
Alshbarh,Al-Shabara
Almwaygh,Al-Mawigh
hnh al'lya,Hanna Al-Ulya
Almkha',Al-Mukha
Almzandh,Al-Mazanda
Jbl al'mry,Jabal Al-Amri
wady alshT,Wadi al-Shatt
Alsyd hsyn,Al-Sayyid Husayn
Almrzam,Al-Marzam
Alsnmh,Al-Sanmah
Al'km,Al-Akam
Alqshb,Al-Qashb
wady s'adh,Wadi Sa'adah
hsb alrahh,Hasab Al-Rahah
Alshbarh,Al-Shabara
Alwhyz,Al-Wahiz
Aldbyrh,Ad-Dhabira
sh'bw,Sha'bo
Alshbarh,Al-Shabarah
mhaTbh,Mahatabah
Albaqryh,Al-Baqiriyah
Alnwbh,Al-Nawba
Almdbayh,Al-Madhbayah
AlJbyh,al-Jubayyah
Alrdf,Al-Radf
Alnwbh,Al-Nuba
mqdm ras,Muqaddam Ras
bny 'amr,Bani Amer
AlJrb,al-Jarb
Alghyl,Al-Ghayl
y'aqbh,Yaaqaba
Al'fyrh,Al-Afira
AlrJhh,Al-Rajhah
Jhzr,Jahzar
Almzandh,Al-Mazanda
Alkdmh,Al-Kadmah
mwz',Mawza'
Aladrws,Al-Adrous
Jhzr,Jahzar
sh'bw,Sha'bu
akmh alhmr,Akmah Al-Hamr
Alshfryn,Al-Shafrayn
AlJbyh,al-Jubayyah
Al'ysm,Al-Aysam
Al'yql,Al-eiqal
dhy khyr,Dhi Khayr
d'lJ,Da'laj
Alhsyb,Al-Hasib
rda'  alshrf,Rada-Al-Sharf
Alzghbry,Al-Zaghbari
y'aqbh,Yaaqaba
Al'rysh,Al-Arish
Alm'amrh,Al-Ma'amara
bny mlyk,Bani Malik
Almtyn,Al-Mateen
byt alshryf,Bayt Al-Sharif
Alnwazl,Al-Nawazil
Altrys,Al-Taris
AldrJ alasfl,Al-Daraj Al-Asfal
AlaJn,Al-Ajan
AlhJrh,Al-Hijrah
hnh al'lya,Hannah Al-Ulya
bwmyh,Bumiya
AlmhJwrh,Al-Mahjoura
bny hJaJ,Bani Hajjaj
bny dryghm,Bani Drigham
Alsmayh,Al-Samayah
bny dryghm,Bani Drigham
mhaTbh,Mahatabah
Alswyrh  aldarat,Al-Sawerah-Al-Darat
hwb alwqy',Hub Al-Waqi'
AlqTna,al-Qatni
AldyJh,Ad-Dhayjah
wady alkbyr,Wadi Al-Kabir
Almghrbh alsfla,Al-Maghribah Al-Sufla
wady mksb,Wadi Makasab
Al'rysh,Al-Arish
khah,Kahah
wady alahmr,Wadi Al-Ahmar
Alhbyh,Al-Habiyyah
qhfh alhraz,Qahfat Al-Haraz
Almqys',Al-Muqaysi'
'kshh,'Akashah
rhbh,Rahbah
Alaqfyh,al-Aqfiyah
Aldwyhh,Al-Dhuwayhah
wady alm'qm,Wadi Al-Mu'aqam
wady s'adh,Wadi Sa'adah
bny dryghm,Bani Drigham
Almfrq,Al-Mafraq
J'ashy,Ja'ashi
Alhql,Al-Haqal
Alghyl,Al-Ghayl
hyJh dawy,Hijah Dhawi
Alswyda',Al-Suwaydah
Alwdn,Al-Wadan
bny hJaJ,Bani Hajjaj
rhbh,Rahbah
Alm'srh,Al-Ma'sara
yfrs,Yafrus
Alkdhh,Al-Kadha
Jbl alhkymh,Jabal Al-Hakimah
hsyb almhwq,Hasib Al-Mahouq
sh'bw,Sha'bu
Alm'Tab,Al-Ma'tab
Alqahr,Al-Qahir
bkhyth,Bakhitah
Alhrdh,Al-Harada
akmh alJyshy,Akmat Al-Jayshi
mqdm ras,Muqaddam Ras
Alnwbh,al-Nuba
Alkhnhh,Al-Khanah
shlan,Shalan
Al'shh,Al-Asha
Almzandh,Al-Mazanda
Ala'rwq,al-'Aruq
Alqhfh,Al-Qahfah
Al'ndhqy,Al-Andhaqi
hsb almas,Hasab Al-Mas
Almdbh,Al-Madhbah
sh'bh alrkz,Sha'bat al-Rukz
wady alahmr,Wadi Al-Ahmar
Alm'trd,Al-Mu'tarid
AlqTan,Al-Qattan
rhbh,Rahbah
wady mksb,Wadi Makasab
Alrkyb,Ar-Rakib
hsa db',Hassi Daba
Alsnmh,Al-Sanmah
Albryh,Al-Barih
Almghdr,Al-Maghdar
khdhfan,Khadhfan
Al'ardh,Al-'Arida
Alslymh,Al-Salima
ykhtl,Yakhtal
Alm'amrh,Al-Ma'amrah
Alrkz,al-Rukz
bny 'ly,Bani Ali
AlmTaya,Al-Mataya
sh'bw,Sha'bu
Jbl alhkymh,Jabal al-Hakimah
Jbl alhkymh,Jabal al-Hakimah
Jhad,Jihad
Almrh al'lya,Al-Murra Al-'Ulya
Alhmra',Al-Hamra'
hmr,Hamr
kmb fshw,Camp Fasho
Al'qmh,Al-Aqmah
Aldwydh,Al-Duwaida
Almhabyl,Al-Mahabil
sh'b albyrk,Sha'ab Al-Birk
AlJrwbh,Al-Jarubah
Aldrbnh,Al-Darbana
Alshqyra',Al-Shuqayra
Almwbrh,Al-Mawbarah
Alm'amrh,Al-Ma'amara
bny dryghm,Bani Drigham
AlJlyfyh,Al-Jalifiya
Alshnh,Al-sihnah
Alghyl,Al-Ghayl
qbh alfqyh,Qubbat Al-Faqih
Almbdhl,Al-Mabdhil
Almlahyh,Al-Malahiya
bny hJaJ,Bani Hajjaj
AllJy'h al'lya,Al-Laji'ah Al-Ulya
Almqlb,Al-Maqlab
Alkwyhh,Al-Kuwayhah
ghyl alhadnh,Ghayl Al-Hadina
Almrtf'at,Al-Murtafa'at
Alnwazl,Al-Nawazil
dha al'bar,Tha Al-Abar
Al'qmh,Al-Aqmah
Alkhnhh,Al-Khanah
Alsnmh,Al-Sanamah
AlhyaJy,Al-Hayaji
mbt'h,Mubta'a
rda'  alqhfh,Rada-Al Qahfah
Alm'lm,Al-Mu'allim
shrh,Sharh
sdwh,Suduh
thwab,Thawab
'ynan,'Aynan
Alsblh,Al-Sabla
dar Jyhlan,Dar Jihlan
Alakmh,Al-Akma
Al'qbh,Al-Aqaba
Almshrah,Al-Mashrah
shbyh,Shabih
mwz',Mawza'
Alrakbh,Al-rakbah
AlmqTrn,Al-Muqatran
AlJrshyh,al-Jarshiyyah
mbt'h,Mabta'ah
khranh,Kharanah
Alm'srh,Al-Ma'sara
Alsh'wr,Al-Shu'ur
Alnshh,Al-Nashah
AlqTyn,AL-Qateen
bny mlyk,Bani Malik
AlbaTn,Al-Batin
Alzwayd,Az-Zawa'id
Alswfh,Al-Sufah
wady s'adh,Wadi Sa'adah
wady bkyr,Wadi Bakir
Alrwqyn,Al-Ruqayn
b'yll,Ba'ilal
Al'qydh alsfla,Al-'Aqidah Al-Sufla
bwmyh,Bumiya
Alsb'h,Al-Sab’a
dhy 'yan,Dhi Ayan
bny alhkm,Bani Al-Hakam
Al'ardh,Al-Ardah
hnh al'lya,Hannah Al-Ulya
Alzydyh,Al-Zaidiyah
Aldar,Al-Dar
Alrdf,Al-Radf
Al'shh,Al-'Ash'ah
Alshykh,Al-Shaykh
Alshbarh,Al-Shabara
Jbl 'ka,Jabal Aka
Alakmh,Al-Akma
Al'bdly,Al-Abdali
dhy alJnan,Dhi al-Jinan
AlhJrh,Al-Hajra
hsy salm,Hassi Salem
hsb alhykl,Hasab al-Haykal
AlqTnh,Al-Qatna
hsyb alqwbh,Hasib Al-Qubbah
Alsqayh,al-Saqaya
Almhwr,Al-Mahwar
AlhyaJy,Al-Hayaji
Almqsab,Al-Maqsab
dhakhshh,Dhakhshah
Alqshsh,Al-Qashsh
Alghyl,Al-Ghayl
Jsr rsyan,Rasian Bridge
Almkha',Al-Mukha
Jhzr,Jahzar
Alm'Tab alasfl,Al-Ma'tab Al-Asfal
y'aqbh,Yaaqaba
AlmqaTrh,Al-Muqatira
dar 'wd zyd,Dar Awad Zaid
wady alshT,Wadi al-Shatt
mwz',Mawza'
Al'ardh,Al-Ardah
qrfs,Qarfas
Alshwkh,al-Shawkah
Alsmasm,Al-Samasim
'wdh,Awda
Alkwyhh,Al-Kuwayhah
Alnwazl,Al-Nawazil
Alrdf,Al-Radf
Albrah,Al-Barah
Alm'rd,Al-Ma'rad
AlTwyr,Al-Tuwair
Alzghbry,Al-Zaghbari
AlmhTh albkharyh,Steam Station
AlbThh,Al-Bat'hah
Almwsnh,Al-Musinah
Jbl alhkymh,Jabal Al-Hakimah
yfrs,Yafrus
Alsfa,Al-Safa
Al'tah,Al-'Ata
bny 'amr,Bani Amer
wady alm'qm,Wadi Al-Mu'aqam
sh'bw,Sha'bu
bny mlyk,Bani Malik
dar alra'y,Dar Al-Ra'i
Jbl alhkymh,Jabal al-Hakimah
Alhfyrh,Al-Hafira
hsb aswd,Hasab Aswad
Alsfalyh,Al-Safaliyah
AlqTyn,AL-Qateen
Almzq,Al-Muzq
Almydan,Al-Midan
Alblyly,Al-Balili
Al'qydh al'lya,Al-'Aqidah Al-'Ulya
Alm'srh,Al-Ma'sara
Alrwhh,Al-Rawha
Alqnzyh,Al-Qanziyah
Almqys',Al-Muqaysi'
Alhfydhh,Al-Hafizah
Jzyrh alzyady,Jazirat Al-Ziyadi
dar al'nba,Dar Al-'Anabi
sfa'alhbyl,Safaa Al-Habil
Albhyshh,Al-Bahisha
wady bkyr,Wadi Bakir
Alkwyhh,Al-Kuwayhah
Al'kdh,Al-Akda
Alswyrh  alhwb,Al-Sawerah-Al-Hwb
byt alhrazy,Bayt al-Harazi
Alshqyra',Al-Shaqira'
nwbh almkhshb,Nawbat Al-Mukhshab
Alghwl,Al-Ghul
Alsnd,al-Sind
Alqhyzh,al-Qahizah
Almaqbh,Al-Maqbah
bny dryghm,Bani Durayghim
'zan,'Azan
Almkha',Al-Mukha
dwryn,Dhurin
Alhsyb,Al-Hasib
bny dryghm,Bani Drigham
Alrwnh,Al-Rawna
Almhalb,Al-Mahalib
Aldwsh,Al-Doush
wady alm'qm,Wadi Al-Mu'aqam
Alshadhly,Al-Shadhili
Al'kdh,Al-Akdah
Alhql,Al-Haqal
Alsnmh,Al-Sunmah
Alblyly,Al-Balili
Alsyal,Al-Sayyal
Jhzr,Jahzar
Alsh'yb,Al-Shuaib
Alhbwh,Al-Habwa
Alkhylh,Al-Kahilah
Alatymh,Al-Atima
Alrkz,al-Rukz
Almlaqy,Al-Mulaqi
Alghrafy,Al-Gharrafi
hJm,Hajam
hark alnwbh,Harik Al-Nawbah
Alswq,Al-Souq
AlqTnh,Al-Qatna
Aldwsh,Al-Doush
Almqys',Al-Muqaysi'
sh'b shqyr,Sha'ab Shuqayr
hadyh,Hadhiyah
shJyrh,Shujayrah
Almrh alsfla,Al-Murra Al-Sufla
Alhsham,Al-Hasham
Almntsr,Al-Muntasir
Alhdd,Al-Haddad
Alzbyrh,Al-Zubayra
mqdm ras,Muqaddam Ras
wada 'ly,Wadi Ali
Al'rmh,Al-Armah
AlJwyh,al-Juwayh
Alshqyra',Al-Shaqira'
Alswyhrh,Al Suwayhira
Aldahh,Al-Dahha
Alrkz,al-Rukz
Al'ardh,Al-'Arida
Alhsynh,Al-Husaynah
Alrqa'yh,Al-Ruqa'iya
wady albyr,Wadi Al-Bir
bny hJaJ,Bani Hajjaj
AlJrybh,Al-Juraybah
Alsh'wb,Al-Shueub
hsy salm,Hassi Salem
hsyb almhwq,Hasib Al-Mahouq
sh'b alsna',Sha'b al-Sina'
wahJh,Wahja
yfrs,Yafrus
Alhd,Al-Had
Al'was,Al-Awas
Al'fh,Al-Afa
AlJbal,Al-Jibal
AlTwr,Al-Tur
Alhamly,Al-Hamli
sh'bh harbh,Sha'bat Harbah
AlJwarf,Al-Jawarif
Almwsnh,Al-Musinah
Almqlb,Al-Maqlab
bny dryghm,Bani Drigham
Alzryrh,Al-Zarirah
Alqryh alsfla,Al-Qarya Al-Sufla
AlhJyrh,Al-Hujayrah
dhy alnyt,Dhi al-Nit
Alsnmh,Al-Sunmah
Aldwsh,Al-Doush
Almghrbh al'lya,al-Maghriba al-'Ulya
Almqlb,Al-Maqlab
yfrs,Yafrus
bny 'amr,Bani Amer
hsb almqTar,Hasab Al-Muqtar
AlTwyr,Al-Tuwair
Alrwyh al'lya,Al-Ruwayya Al-Ulya
Alshbyqat,Al-Shabiqat
Al'bdl,Al-Abdal
AldyJh,Al-Dhayjah
Alqhfh,Al-Qahfa
Alsahly,Al-Sahili
sh'b 'wad,Sha'b 'Awadh
Alsfydh,Al-Safida
AlJam',Al-Jami'
dhy albr'  qhfh smy',Thee Al-Bara-Qahfat Samee'
Alqhyzh,Al-Qahizah
wady alahmr,Wadi Al-Ahmar
Alnwazl,Al-Nawazil
bny hJaJ,Bani Hajjaj
Alkdyhh,Al-Kadihah
AlJbat,al-Jubbat
Alkwry,Al-Kuri
Alzhyrh,Al-Zuhaira
wady albyr,Wadi Al-Bir
Alshbarh,Al-Shabara
Althwbany,Al-Thawbani
Alsyrh,Al-Sirah
Alqwasmh,Al-Qawasima
wahJh,Wahjah
Almlaqy,Al-Mulaqi
yfrs,Yafrus
bharh,Bahara
AlrJhh,Al-Rajhah
Alfwshh,al-Fawshah
Al'ardh,Al-'Arida
shbyh,Shabih
Almhaklh,Al-Mahaklah
AlJwm,Al-Jawm
hnh alsfla,Hannah Al-Sufla
Alaqhf,Al-Aqhaf
Alrd',Al-Rad'
AlmhJr,Al-Mahjar
hnh alsfla,Hannah Al-Sufla
bny mlyk,Bani Malik
Aldryb,Al-Dharib
Alrdf,Al-Radf
mqdm ras,Muqaddam Ras
Ala'qas,Al-Aqas
Alhrf,Al-Harf
Alswyhrh,Al Suwayhira
Almhrqh,Al-Muharraqah
Alswyhrh,Al-Suwayhirah
Almkhyshyqh,Al-Makhishiqah
Alm'srh,Al-Ma'sara
Alsnmh,Al-Sunmah
brh alsyd,Barh Al-Sayyid
'sq,Asaq
Alblyly,Al-Balili
hsb alsyary,Hasab Al-Sayyari
Alhd,Al-Had
mwz',Mawza'
AlrbaT,Al-Ribat
Alsabryh,Al-Sabriya
Almnawb,Al-Munawwab
Alqahrh,Al-Qahirah
Alsnmh,Al-Sanmah
bny dryghm,Bani Drigham
bwmyh,Bumiya
Alfash,Al-Fasah
Alzghbry,Al-Zaghbari
swq alhr,Suq Al-Hur
AlmJahsh,Al-Majahish
Alghrafy,Al-Gharrafi
Alkdmh,Al-Kadmah
AlqTnh,Al-Qatna
wady albyr,Wadi Al-Bir
AlqTnh,Al-Qatna
Alhnqwb,Al-Hanqoub
mkan alhmyr,Makan Al-Hamir
Alhsb,Al-Hasab
AlJhafy,Al-Jahafi
AlmTrh,Al-Matrah
Alghwbqh,Al-Ghubaqah
hwl alswq,Hawl Al-Souq
Almhawy,Al-Mahawi
Alm'amrh,Al-Ma'amrah
Alnwazl,Al-Nawazil
rda'  alqryh,Rada-Al-Qaryah
Alznh,Al-Zanh
AlTwyr,Al-Tuwayr
AlnJyd,Al-Najid
Aldrwbh,Al-Dharubah
Aladrws,Al-Adrous
bny hJaJ,Bani Hajjaj
brh al'dnh,Barh Al-'Adnah
Alshqyra',Al-Shuqayra
AlJshym,Al-Jashim
Alkrbh,Al-Karbah
wady alahmr,Wadi Al-Ahmar
AlmaJlyh,Al-Majliya
Alshrkh,Al-Sharikh
Almqsw',Al-Maqsou’
Alkrbh,Al-Karbah
Al'awh,al-'Awah
Alzmakrh,Al-Zamakrah
Almhaml,Al-Mahamil
Almswadh,Al-Maswadah
Al'qmh,Al-Aqmah
Alqbh,Al-Qubba
bny dryghm,Bani Drigham
bny mlyk,Bani Malik
Alzhara,Al-Zuhari
byt alhyqy,Bayt Al-Hayqi
